"Gebiet","Sachmerkmal","2000","2001","2002","2003","2004","2005","2006","2007","2008","2009","2010","2011","2012","2013","2014","2015","2016","2017","2018","2019","2020","2021","2022","2023"
Zentrum,Jugendquote,"5,6","5,5","5,2","5","4,9","5,5","5,6","5,8","5","5,098684211","5,319148936","6,649395509","6,700167504","6,45682001614205","6,55475619504397","17,2172808132147","7,02314445331205","6,84089162182936","5,895865237366","5,79937304075235","4,99265785609398","5,62364816149964","5,76527110501029","6,020761246"
Zentrum-Ost,Jugendquote,"7","7,1","6,8","6,7","7,6","7,8","7,9","9","8,8","9,719789842","10,85106383","11,17861482","11,22526636","11,0522598870057","11,0435663627153","11,9358074222668","11,4481409001957","11,011101110111","11,1267209890419","10,9613889608707","11,4328136599852","12,5951557093426","13,4089392928619","12,83185841"
Zentrum-Südost,Jugendquote,"10,7","9,9","8,7","9,4","9","9","9,6","10,4","10,4","10,56786704","11,24235686","10,79674363","10,92868781","11,0605697869284","11,2622478386167","13,8428702103872","12,4725164901059","11,6903931366079","12,1269361541368","12,2777622637997","12,5800980022616","12,547458097972","13,9532856893847","14,02997502"
Zentrum-Süd,Jugendquote,"12,4","11,5","11,6","11,5","11,2","10,7","11,2","11,5","12,2","12,60435199","13,79954624","14,1025641","14,48684698","15,5386657015322","15,737399604237","16,324200913242","16,6983771684387","16,8173401590241","17,0765760927935","17,6394293125811","17,6369124622682","18,4160905091138","18,475798146241","17,99048872"
Zentrum-West,Jugendquote,"14,8","13,7","13,3","13","12,6","12,3","12,5","12,8","13,7","14,63377494","15,61502205","16,9619132","17,72642457","18,17929887765","18,4986595174263","19,3947368421053","20,010395010395","19,7123950114533","19,5403742308175","19,1247974068071","18,8432835820896","18,7240283549254","18,9580838323353","18,20843091"
Zentrum-Nordwest,Jugendquote,"16,3","15,8","16","16,8","16,2","17,4","18,6","19,9","20,9","21,78321157","23,27819549","23,50533548","24,3274349","24,9253519124129","25,4437049362174","26,0380502707957","26,0592633619496","26,8259385665529","26,0732841126607","25,8390177353342","25,3591759284359","24,1603610779238","23,1433728726148","22,00697404"
Zentrum-Nord,Jugendquote,"12,9","12,7","13,1","13,4","13,6","13","13,6","14,3","14,3","14,66585415","16,4122894","16,84426996","16,47393702","16,0428747144614","15,7769869513642","15,504002613952","17,9171332586786","17,9574732267577","17,6416397973284","16,8027106114277","16,8494208494208","16,6069829901522","17,012388360703","16,48445265"
Schönefeld-Abtnaundorf,Jugendquote,"21,2","20,5","20","19,1","18,5","18,1","19,2","19,5","19,5","19,37071279","20,67425443","20,18785734","19,85834208","20,8290946083418","21,3764079712836","21,6715371127995","22,2535211267606","23,4009360374415","23,0710797612588","23,0092294483795","23,3868395875412","22,474615304093","22,1018852787806","21,38488854"
Schönefeld-Ost,Jugendquote,"9,6","9,7","9,6","9,5","9,6","9,9","10,5","10,8","11,8","12,50799062","13,16648531","13,36085162","13,49945829","15","14,4555296115474","16,5670719142798","17,4333662388944","18,7378640776699","18,6024003097174","19,3081883916357","18,8603988603989","19,1190253045923","19,7225680241864","19,53723034"
Mockau-Süd,Jugendquote,"17,1","16,7","15,8","15,2","15,6","15,5","15,9","17,2","17,6","17,38768719","18,20294345","18,8155922","19,36319882","19,1896869244936","20,2888340965129","20,3173508106244","19,953596287703","20,0191570881226","20,2388434946574","20,1920099101889","19,648804117469","19,5286195286195","20,411871592974","20,64110246"
Mockau-Nord,Jugendquote,"13,1","13,1","12,2","11,8","11,5","11","11,5","11,7","12,3","13,33223195","14,30226784","14,98189002","15,83510551","16,1200848425518","16,8381512330557","18,0979643765903","18,8700206316458","19,4289360344553","19,7283209603538","19,6470773593824","19,4761171032357","19,0067986993792","19,0077058266865","19,27536232"
Thekla,Jugendquote,"11,7","11,5","11,2","10,5","10,1","9,9","10,6","10,7","11,5","12,22791293","13,26037979","14,69240838","14,6156384","15,9713168187744","16,6883963494133","17,4108576935432","17,5570134333021","19,3983077405202","19,8797087685977","20,8125","21,1409395973154","21,0283251231527","21,941689209498","21,72485825"
Plaußig-Portitz,Jugendquote,"16,4","16,3","15","15,1","14,6","14","14,4","14,4","15,3","17,03958692","18,19248826","19,34900542","20,03687769","20,1829268292683","21,25","22,125","22,6286422814631","22,517394054396","23,3206590621039","25,3467843631778","25,7846153846154","27,7841561423651","28,9662797125484","29,31880109"
Neustadt-Neuschönefeld,Jugendquote,"18,3","18,1","18,1","17,8","17","17,9","18,6","18,5","18,4","18,44274809","18,74240583","18,27521343","18,37808663","17,7356595958328","17,0831331090822","17,1240644136993","16,7788057190917","16,3029134098061","16,4860296311027","16,7253865727148","16,4969450101833","15,8482995796714","15,6524960637214","14,7617761"
Volkmarsdorf,Jugendquote,"18,9","18,8","18","18","18,7","18,6","18,3","18,5","18,7","19,05711695","19,59845275","19,01743265","19,08836597","19,5121951219512","19,9422362811168","20,2857494765365","20,991452991453","22,3875802997859","21,7265592730277","21,1807668898357","21,3230119634061","21,2253395459502","21,2763933802549","20,46155284"
Anger-Crottendorf,Jugendquote,"18,8","19,7","19,7","19,4","18,8","18,5","17,9","17,9","18,7","18,96365043","19,25778864","19,25539836","19,08296943","18,3953033268102","18,6028049748611","18,0909545227386","18,4293320425944","18,6796612135979","18,355376653249","18,5364753636261","18,0430485394246","18,1838098367839","18,2267067410906","17,73171518"
Sellerhausen-Stünz,Jugendquote,"13,3","13","12,5","12,1","12,3","12,6","12,4","13,7","14,3","14,91020794","15,06653992","15,88652482","16,1076888","16,1668839634941","16,8099918099918","17,993932499052","18,7673002398967","19,2885234179478","20,2058977490839","19,9795081967213","20,0237569998303","20,1568496579343","20,7226530275532","20,08491182"
Paunsdorf,Jugendquote,"16,8","15,4","14,1","13,1","12,5","12","11,7","11,7","12,7","13,43078064","14,15042996","14,98716661","15,62361296","16,6065388951522","17,125348189415","17,7131741056955","19,7860962566845","20,372602739726","21,2603648424544","20,6","21,5290858725762","21,4621867133632","22,4368962293549","22,32969747"
Heiterblick,Jugendquote,"20,4","19,7","17,5","18","16,1","13,7","13,2","12,6","12,2","13,09476996","12,58907363","12,94024535","13,11012505","12,2814881219184","12,6948775055679","13,4615384615385","13,6506511001347","13,9492753623188","14,9703331811958","14,0682656826568","14,7883975273419","15,3061224489796","15,4915590863952","15,4231347"
Mölkau,Jugendquote,"15,9","15,6","14,8","13,8","14,1","14,5","14,6","14,8","16,4","17,55747126","18,05191018","18,76850207","19,30351246","18,9858134621189","19,2785692634132","21,2695547533093","21,6485507246377","22,3407497714112","22,5412339645693","22,9972586049345","23,2825613926018","22,9360645561763","23,8543628374137","23,9485248"
Engelsdorf,Jugendquote,"19,3","19","16,9","16,2","15,9","15,6","15,4","15,8","17","17,79346211","18,30831197","19,01306241","19,44191136","19,4240837696335","19,4725124165097","19,3287037037037","19,6240105540897","19,9134199134199","20,5623598412972","20,7274625826662","20,6094768363572","21,0470275066548","21,13707708406","20,59030218"
Baalsdorf,Jugendquote,"17,7","17,7","17","14,6","16","14,8","17,2","17,8","19,2","20,99547511","22,72727273","24,18772563","25,47945205","27,1571298819255","27,763041556145","28,5214348206474","27,7097902097902","27,6315789473684","27,4207369323051","25,7510729613734","25,8591065292096","25,3321523472099","24,7404844290657","24,10166521"
Althen-Kleinpösna,Jugendquote,"24","23,9","23,2","22,1","19,6","19","19,2","18,5","19,5","20,07142857","20,94202899","19,15194346","19,47483589","19,8269646719539","20,5903527717783","20,4037490987743","20,6576125804146","21,8415417558887","22,1412964311726","21,7138707334786","22,4215246636771","22,3574144486692","22,8070175438597","23,39449541"
Reudnitz-Thonberg,Jugendquote,"20,5","19,1","18","17,3","16,8","15,9","15,8","16,3","16,8","17,19840479","17,47994105","17,32124874","17,45513866","17,4416113134776","17,2859006936337","17,5988813423891","17,7291612568164","17,1683389074693","17,2788537429421","17,2526622642632","17,6090180955206","17,5378832374016","17,4325100516944","17,00147543"
Stötteritz,Jugendquote,"17,4","17,3","17,1","17","16,6","16,7","17,3","17,9","19","19,70080299","20,37057221","20,96860032","21,00685562","20,8632376395534","20,5192307692308","20,5590119788281","21,2104689203926","21,5981573352232","21,7570350034317","22,080934788212","22,1461187214612","22,520332019787","22,3675604970569","21,27864124"
Probstheida,Jugendquote,"15,3","15,4","14,6","14,1","13,9","13,5","14","14,9","16,1","17,22546909","17,19725343","17,32550957","18,49357012","19,4309927360775","20,3929740994344","21,2296983758701","21,0870802504269","21,6344808284355","22,3821620095964","22,8248898678414","23,4601697235149","23,3441033925687","24,3390357698289","23,46653092"
Meusdorf,Jugendquote,"14,1","13,1","12,5","11,6","12,1","11,4","11,7","12,1","13","14,09249564","14,34839842","14,12655971","14,70852018","16,0476845483723","16,1778185151237","16,7889908256881","17,2769953051643","17,5141242937853","17,5688509021842","18,6614557889595","19,1478696741855","19,4022289766971","19,2895905278737","18,32239925"
Liebertwolkwitz,Jugendquote,"18,8","18,1","17,2","16,8","15,7","15,7","15,8","16,4","17,4","17,74891775","18,37738168","19,21763428","20,46439628","20,5756276791182","19,9259716224553","20,4930662557781","21,7174859987554","22,5085377212046","23,0889235569423","22,363523573201","22,7129337539432","22,3584905660377","22,6890756302521","21,82440847"
Holzhausen,Jugendquote,"16,9","16,8","16","14,9","14,8","14,1","15","15,6","17,1","17,9787234","18,98699892","20,73071719","22,06208426","21,7558299039781","22,0468154599891","23,3926128590971","23,7361449040281","24,0215924426451","24,4731296101159","24,7834077185613","25,74568288854","25,7060669456067","25,7737321196359","25,20703934"
Südvorstadt,Jugendquote,"16,4","15,7","15,4","15,4","15,3","14,7","14,5","15,3","16","16,75331825","17,75683891","18,4275473","18,53193079","19,2022210890135","20,3615337113344","21,3427796535119","21,5873366058132","21,8545198505118","22,4583266762529","22,5312566221657","22,5022266464086","21,9894742327133","21,351379168382","20,56398249"
Connewitz,Jugendquote,"17,5","17,3","17","16,3","16,1","16,2","16,6","17","17,8","18,30937419","18,61475549","19,26833306","19,48356808","19,825327510917","19,775826932121","19,7891009852217","19,8767217106765","20,3043379513968","20,4946204423192","20,5060699137048","20,6934386657889","20,2772710689529","20,0507972343728","18,8108484"
Marienbrunn,Jugendquote,"11,4","11,9","12","12,2","13","12,9","13,6","14,1","16","17,65879614","19,37669377","19,05396402","19,53871499","20,2779532533165","20,3860072376357","21,0304308526665","21,0086541330946","21,3028169014085","20,9714950552647","20,6260971328262","20,4805156753589","19,8208610228258","19,8006092495154","18,33424959"
Lößnig,Jugendquote,"15,2","14,9","14,2","13,5","13,6","13,7","13,9","14,4","15,5","16,0881724","16,43176919","16,63088357","16,43138542","16,8988690378626","16,890037138705","17,5226098191214","17,8831526136915","18,0906148867314","17,3661360347323","17,343293277038","17,0636215334421","16,925315227934","16,4969774101177","16,03954082"
Dölitz-Dösen,Jugendquote,"17,3","17","14,9","14,8","15,5","15,2","15,7","17,1","17,4","18,69413136","19,55177743","19,67032967","19,66816454","19,3832599118943","21,1446196024674","21,7077175697865","23,2251521298174","23,0097413503527","23,8258484744601","24,5217391304348","24,6132691646614","24,1211277410372","23,7627007538512","22,406639"
Schleußig,Jugendquote,"20,8","19,9","20,2","20,1","20,6","21","21,4","22,7","24,8","26,39053254","28,14201183","28,55968045","28,77913686","28,6040406346307","28,7098244814224","28,6236019173705","28,8977272727273","29,5351985559567","30,0146412884334","29,64132641552","28,9722785665991","28,2732017245292","27,5975127190503","25,95030069"
Plagwitz,Jugendquote,"16,2","15,5","14,2","13,1","13,7","13,2","13,6","14,4","15,1","15,45921944","16,57149383","17,25287727","17,9779946","18,3885703178151","19,580551114455","20,0622368661907","20,6246634356489","21,4619110523998","21,7604339837256","21,1776771216135","21,4207650273224","21,6865460005005","21,356845456772","20,87468732"
Kleinzschocher,Jugendquote,"19,1","19,4","18,9","18,8","18,3","17,4","17,5","17,3","17,7","18,06334842","19,37062937","19,852563","19,95676035","19,4323496210289","19,5483972840676","20,7790216224505","20,2983328458614","21,0736152641321","21,4113303989777","21,991643454039","22,0808278562439","21,9925589086399","22,6938993458817","22,33429395"
Großzschocher,Jugendquote,"13","12,7","12,5","12,3","12,4","12,5","13","13,7","15,1","16,18274112","16,78787879","16,60015962","16,7794586","16,8715305313243","17,1767028627838","17,1255614137864","17,973602484472","18,5386708122814","19,5291393284446","19,270129368604","19,5706826532586","19,2176870748299","19,5131086142322","19,41351151"
Knautkleeberg-Knauthain,Jugendquote,"18,1","17,6","17,4","16,8","16,9","17,4","17,8","18,3","19,1","20,25888019","21,05422599","21,38780415","21,98795181","22,6375598086124","23,1603635297567","23,9884393063584","24,1270749856898","24,4565217391304","25,5833807626636","26,0509007720904","25,6670533642691","27,0581462291307","27,1379703534778","26,48401826"
Hartmannsdorf-Knautnaundorf,Jugendquote,"16,2","15,6","15","14,9","13,9","13,9","13,3","13,8","14,3","16,47058824","17,57719715","18,13898704","19,56769056","17,9234972677596","17,8888888888889","18,86586695747","20,3290246768508","21,5843857634902","24,2014742014742","24,7549019607843","24,9673202614379","28,0104712041885","27,0375161707633","26,72634271"
Schönau,Jugendquote,"13,8","13,8","13,2","12,4","12,7","12,8","13,7","13,8","14,9","15,19699812","16,3546798","16,25632378","16,39835268","17,9156908665105","20,2842873607376","22,1674876847291","23,5426852200075","24,9156987635819","25,8376768428891","24,2079031683873","23,4823215476985","23,4022556390977","24,6214415505754","24,30243024"
Grünau-Ost,Jugendquote,"10,4","9,8","9","8,6","9","8,9","9,3","9,2","9,9","10,65516437","11,92036902","12,25043135","13,15054582","13,7289862455425","15,1820294345469","17,377812257564","19,0539818278995","20,4581779435269","21,17202268431","21,3257267046998","21,5098529003608","20,6859303267621","21,5620134924754","21,76179307"
Grünau-Mitte,Jugendquote,"15,9","14,5","14,5","14,2","14,4","14,2","14,7","14,4","15,6","16,98320947","17,83241487","18,67927231","19,64234621","21,1015840720825","22,0760651987418","23,8542556219755","26,8108108108108","27,8741865509761","28,8610695332698","29,0829574962416","29,6005509641873","29,7059631766969","29,2973402143708","29,31565555"
Grünau-Siedlung,Jugendquote,"12,6","11,9","10,6","9,4","9","9,8","9,8","10,2","11,2","12,36093943","13,24392288","14,50446618","15,39462272","15,6942559927635","15,816091954023","17,6360225140713","18,859649122807","20,4488778054863","21,6270843860536","20,9048361934477","20,8530805687204","21,830985915493","22,2826086956522","21,00330761"
Lausen-Grünau,Jugendquote,"12,6","12,2","11,5","10,9","10,1","10,5","10,7","11,8","12,6","13,13287073","14,35185185","14,77832512","16,33952255","16,9383231190507","17,8033774054196","18,4089414858646","20,275134996143","21,6289945440374","22,8461436346741","23,0432475457681","23,4034113447045","23,8362237579867","25,2764807077906","24,25391389"
Grünau-Nord,Jugendquote,"15,9","15,3","15,2","14,9","14,9","14,5","14,5","15,5","17,4","18,62309031","19,57472178","20,5570026","22,14058777","22,7082085080887","23,9657631954351","25,0609756097561","27,1711919892163","27,4901185770751","28,2254863040889","27","27,4767801857585","27,2813507873269","27,576804217415","25,77683616"
Miltitz,Jugendquote,"17,4","15,9","14,1","11,8","12,6","13,2","12,8","12,6","13,6","13,67959034","13,5431918","13,35311573","12,6911315","13,8091543832428","14","14,1627543035994","15,8222915042868","16,2627052384676","16,8395849960096","17,2077922077922","17,3622704507513","17,2566371681416","17,4187725631769","18,11460259"
Lindenau,Jugendquote,"16,8","16,1","15,6","15,4","15","15,3","14,9","15,2","15,2","15,95671195","16,42966528","16,9249845","16,75834971","17,8445557410499","18,2237191987236","18,9296333002973","19,5762981841351","19,7335423197492","20,6311822892134","20,3582554517134","20,8588019559902","20,9645215788665","20,7948794284013","20,12680625"
Altlindenau,Jugendquote,"19","19,2","18","18,1","17,4","16,9","17,2","17,8","17,6","18,33517089","18,30079382","18,24234354","17,76986723","17,8652604782253","18,3516483516484","18,3427647534357","19,0636235735501","19,0541362530414","19,687616214206","19,7780020181635","20,1606597000071","20,3723594701038","20,3761974687085","20,02081888"
Neulindenau,Jugendquote,"16,7","15,6","15,1","13,7","13,3","13,6","14,1","15","15,4","16,37630662","17,22640417","17,86216596","18,38926174","18,3981576253838","18,7651331719128","18,7150837988827","19,7955390334572","20,2144293053384","20,7978484984312","20,9147424511545","20,4647006255585","20,2905027932961","21,2834917891098","23,33529758"
Leutzsch,Jugendquote,"16,1","15,4","15","14,4","14,6","14,2","14,8","15,3","16,1","17,09871245","17,97022078","17,97790425","18,91674703","19,2440401505646","19,7057038834951","20,1030927835052","20,1101928374656","20,8411080809531","20,5442370708078","20,8053691275168","20,6433166547534","20,4870451649441","20,4968944099379","19,77586443"
Böhlitz-Ehrenberg,Jugendquote,"18","17,8","17,6","16,8","16,8","16,6","17,5","18,2","18,6","19,11307478","19,62493831","20,1568115","19,91607489","20,4218600191755","20,7841887153331","20,6195393169182","21,4148527528809","21,1227402473834","21,1575562700965","21,1267605633803","21,2602212602213","21,2345282108986","21,3776722090261","21,25158831"
Burghausen-Rückmarsdorf,Jugendquote,"15,9","15,3","14,7","14,6","14,4","14,6","14,5","14,7","15,3","16,38269987","17,5397878","17,64119601","17,52066116","18,1908548707753","17,8227680053103","18,1390661740007","18,209771096686","18,3011049723757","19,1289198606272","19,6113074204947","20,3085755292429","21,4520248084641","21,5564486664231","20,89822528"
Möckern,Jugendquote,"14,1","14,6","14,3","14,2","14,2","13,5","13,9","14,5","15,6","15,84547182","16,57767607","17,15790794","17,37549982","17,664250642974","17,4780526735834","17,504105090312","18,7842393594606","18,7180258802287","18,7081339712919","19,0267105744603","18,8685905921807","19,07149649866","19,7989949748744","19,5484493"
Wahren,Jugendquote,"15,3","14,8","14","13,1","13,5","12,7","13,4","13,9","14,8","15,46723953","15,92012952","16,54676259","16,37755102","16,6946107784431","17,4443141852286","17,7999535855187","17,9054803638784","18,7375855219598","19,7971781305115","19,6852139215252","20,7480748074807","20,335658238884","20,5242966751918","20,4880101"
Lützschena-Stahmeln,Jugendquote,"17","16,6","15,9","15,7","15","15","15,2","15,8","16,5","16,27465857","16,769468","16,79596587","17,70466118","17,6053564395431","17,9968076616121","17,6283326701154","17,639902676399","19,5043964828137","19,5254764683003","21,0505836575875","22,2700587084149","22,9158435401027","23,7485448195576","23,4393404"
Lindenthal,Jugendquote,"16,9","16,5","15,5","14,1","13,6","13,9","14,7","15,4","16,4","16,68351871","17,77108434","18,31055901","18,86699507","19,4103194103194","19,7542997542998","19,4055099081682","19,802931987503","20,3934740882917","20,8683137443032","21,8666666666667","22,5152625152625","21,7549829849295","21,3515456506111","21,11726463"
Gohlis-Süd,Jugendquote,"18,2","18,7","18,2","17,5","17,6","17,8","18,3","18,9","19,3","20,2613225","20,66643344","21,21957425","21,17331994","21,5450151552388","21,8305355715428","21,7598475222363","21,9390148553557","22,5136949309467","22,3541200955831","22,4623192863734","22,2188099808061","21,8071642248984","21,4564857958816","20,30815483"
Gohlis-Mitte,Jugendquote,"19,8","19,7","19,2","18,5","18,5","17,7","18,2","19","19,8","20,47788724","21,17260499","21,20493827","21,37158055","21,4687183267299","22,1511468518688","22,8740875912409","23,7170349251604","24,0155105557949","24,0982348426708","23,5259483556228","23,5820645808934","23,3316774300381","23,009281875916","22,09087254"
Gohlis-Nord,Jugendquote,"16","14,8","14,4","14","13,8","13,6","14,2","14,6","15,7","17,25864124","17,72853186","18,56069233","19,71702419","19,8771390960948","21,1333617383894","22,0236858508207","23,1299412122441","23,7925574030087","23,6492982118823","23,9078341013825","24,7337064452067","25,2266119377459","25,0166112956811","24,23897119"
Eutritzsch,Jugendquote,"17,5","17,1","16,6","15,8","16","16","16,4","16,9","17,9","17,87738958","18,69908016","19,21902824","19,39490838","19,3609918931807","19,7809719370294","20,6940736785905","20,3370786516854","20,5658655308792","20,0757575757576","20,46516351818","20,654376012966","20,1822004204625","20,0171903352115","19,03648269"
Seehausen,Jugendquote,"22","21","22,1","21,9","19,3","18,8","20,2","20,4","20,7","20,36914964","22,19251337","23,36700337","23,52941176","23,9680426098535","23,943661971831","24,9556475458309","23,4673698088332","24,0234375","24,5817245817246","25,2525252525253","25,981308411215","26,6747133373567","27,9607163489313","27,82857143"
Wiederitzsch,Jugendquote,"17,4","17,3","16,7","16,7","16,6","17","17,4","17,8","18,7","19,58364038","20,01106603","20,62937063","21,10175695","21,6568699485672","21,2602739726027","21,6201322556943","22,1160911094783","22,2837114923446","22,780136606978","23,2146186835726","23,2549458753266","23,495435066145","23,1488011283498","22,5772286"
Mitte,Jugendquote,"12,4","11,8","11,6","11,9","11,7","11,8","12,4","13,1","13,5","14,11219081","15,26112133","15,62664977","15,90384664","16,1923502644201","16,3705976076669","17,5066914666788","17,378288955412","17,1798992355803","17,0962752932079","16,9604462042832","16,9082739911835","16,9169210461183","17,2179492288686","16,70443889"
Nordost,Jugendquote,"14,4","14,2","13,7","13,3","13,1","13","13,7","14,1","14,7","15,32985479","16,40368442","16,84641423","17,10162965","17,8910315273952","18,4216502649508","19,3386553390948","19,8632088914221","20,7972576598226","20,8724808773707","21,1792895093239","21,1727049850177","20,9220688041189","21,1485841552657","20,965625"
Ost,Jugendquote,"17,7","17,4","16,5","15,9","15,6","15,5","15,4","15,6","16,3","16,91206766","17,37945173","17,65655957","17,94704496","18,0218521095061","18,2539526662084","18,6154534940119","19,1919374030938","19,6287456907982","19,8565264671835","19,6645811609315","19,7625517038473","19,6809516442336","19,9444035099471","19,41509215"
Südost,Jugendquote,"18","17,4","16,6","16,1","15,7","15,3","15,6","16,2","17,2","17,80537072","18,2772488","18,64157685","19,09364201","19,1934996843174","19,0950879255973","19,5093305493932","19,8896445528038","19,8966472776294","20,1437084631042","20,2769679300292","20,6432564555553","20,6891583623484","20,7138663848773","19,98011239"
Süd,Jugendquote,"16","15,7","15,2","14,9","15","14,8","15","15,7","16,6","17,3022082","18,04622853","18,53889989","18,65887817","19,1488860628327","19,7427787338946","20,3393327983492","20,6170018281536","20,9010556773741","21,1378115569465","21,1884180351548","21,2010617120106","20,7525982032764","20,3376723804614","19,37580998"
Südwest,Jugendquote,"17,3","16,9","16,6","16,2","16,4","16,3","16,7","17,4","18,5","19,47834334","20,64711578","20,98866959","21,38299141","21,3434045262488","21,8134183847819","22,2225333968129","22,5239132232544","23,213168276425","23,7866579854046","23,6203979698703","23,5524340553292","23,5674381484437","23,4518138512276","22,75016877"
West,Jugendquote,"13,9","13,2","12,7","12","12","12","12,3","12,7","13,9","14,75873016","15,76589832","16,35544961","17,44545149","18,3144356067016","19,4025295852972","20,7791767061459","22,9215796990733","24,0038872691934","24,985613215531","24,7407407407407","24,9991579372832","25,0556681843863","25,6709265175719","25,03426513"
Alt-West,Jugendquote,"17,4","17","16,4","16","15,7","15,6","16","16,5","16,7","17,53493484","18,03933715","18,26052972","18,25580053","18,6369958275382","18,9807897545358","19,1377443143726","19,7170959237477","19,8715715067948","20,2946638603442","20,3649795738643","20,5639079453121","20,6803982819211","20,7920083921419","20,62967391"
Nordwest,Jugendquote,"15,4","15,3","14,8","14,2","14","13,7","14,1","14,8","15,7","16,01230026","16,73278237","17,23498281","17,53433408","17,8146654255869","18,0093820110137","17,9746205523762","18,6609134102589","19,1450165328295","19,446745834484","19,9250158099196","20,2965462132647","20,2368421052632","20,6569155760842","20,42259414"
Nord,Jugendquote,"18,2","18","17,6","17","17","16,9","17,4","18","18,7","19,44991665","20,06594559","20,54857866","20,79984738","21,0211398770721","21,4271063606737","21,9413796946395","22,2329204779203","22,6376087518305","22,5695036670646","22,6592515548386","22,7757481046607","22,6263678999479","22,3919809223556","21,48315596"
Stadt Leipzig,Jugendquote,"16,1151806011619","15,7315452278192","15,2228796256278","14,8310415904487","14,7191518496482","14,5762448813915","14,9417916190669","15,4671116773433","16,2632916241444","16,9783965348006","17,7628663480771","18,1665972706854","18,494961602652","18,8152851250785","19,1879686901308","19,7579872714502","20,2620320017552","20,626873793585","20,8792047373883","20,884746420943","20,884746420943","20,9128192150529","21,0024735169747","20,40855665"
Zentrum,Altenquote,"34,8","38","39","40","38,4","39,7","43,3","40,3","38,6","37,66447368","39,53900709","38,16925734","35,92964824","33,8983050847458","33,1734612310152","27,8271918678526","34,4772545889864","32,28285933897","32,4655436447167","34,2476489028213","30,7635829662261","30,2090843547224","24,7083047357584","22,28373702"
Zentrum-Ost,Altenquote,"27,6","29,3","32,1","32,9","33,9","34,7","36,1","37,3","37,3","37,82837128","36,25531915","34,18388011","31,46879756","29,4844632768362","28,1999324552516","29,1541290538282","28,604044357469","28,2628262826283","27,4234335487496","25,8357087328323","25,1670378619154","23,598615916955","22,5483655770514","22,30088496"
Zentrum-Südost,Altenquote,"31","31,1","30,8","31,8","33","33,4","33,1","33","32,7","32,4099723","32,28182324","30,84211931","28,41208171","26,7775915728992","25,8328530259366","22,7563776806586","22,2166699980012","20,8730083906854","20,8349074423876","20,6553104347017","20,910290237467","20,1129734234651","18,7467317413282","17,71024147"
Zentrum-Süd,Altenquote,"33,1","33,4","33,5","33,4","34,6","34,3","33,7","32,6","32,6","32,84521692","31,64286668","30,21794872","29,35655181","28,6886234768971","27,7150506343848","27,7054794520548","27,6440962506995","26,8816033111861","26,6244227258082","27,1508862948552","27,2315653298836","26,2308820448355","26,313079299691","25,62986947"
Zentrum-West,Altenquote,"23,4","23,3","24","25,3","25,7","25","24","23,3","22,5","22,0648698","21,62079976","21,09536463","20,41050667","20,1884439517805","19,8123324396783","20,1447368421053","20,1663201663202","19,6105879358615","19,5780484741931","19,6234883430994","19,7014925373134","18,9318015155219","18,7904191616766","17,96252927"
Zentrum-Nordwest,Altenquote,"20","18,5","18,1","17,5","17","16,6","16,4","16,3","17,5","17,92157447","18,42105263","17,93597427","17,86793267","17,6027299872032","17,6511369938991","17,7475350645744","18,7205760177236","19,0853242320819","19,3738036642056","19,4815825375171","19,3548387096774","19,3150139386699","19,2238267148014","19,2302725"
Zentrum-Nord,Altenquote,"30,4","29,9","30,7","31,9","34","34,2","34,9","34,9","35,1","33,82084095","32,864222","30,28603477","28,32236257","27,7631347742049","26,9784782240298","26,0251592876981","25,4679251319789","24,6313828961664","24,0442192538001","24,2568920375789","24,046332046332","22,8439271859147","21,7228464419476","20,92858157"
Schönefeld-Abtnaundorf,Altenquote,"25","26,1","25,6","25,6","25,8","26,3","26,9","26,1","26,4","26,08112138","24,92436248","23,25074871","22,28488982","21,2995930824008","20,757519494987","19,8597311513735","19,3802816901408","19,0996211277022","18,3288117200217","17,9223009229448","17,9121930477304","17,8896681670679","17,1379863618131","17,29137897"
Schönefeld-Ost,Altenquote,"38,2","40,5","46,4","51,6","58,1","62,3","67,3","71,6","78,3","82,65501811","83,98258977","82,70693026","82,73022752","79,7033898305085","79,7707493101252","77,9105707809602","74,5113524185587","74,0776699029126","73,3449477351916","73,2069572014852","69,4017094017094","66,7666354264292","61,9420238306954","58,82045929"
Mockau-Süd,Altenquote,"29,3","31","32,1","33,2","34,2","36,8","36,9","37,7","39,1","39,85024958","37,14175058","35,7946027","35,35727508","34,3646408839779","33,1454737583656","32,4939634356675","31,6539608882996","29,8212005108557","29,2583280955374","29,0492412511614","28,3075991522858","29,0786654423018","28,6190187764991","27,89095267"
Mockau-Nord,Altenquote,"29,6","31,6","33,3","36,1","39,8","42,8","46,3","49,3","52,6","55,75747563","56,2820725","56,33849193","57,28774742","57,007668461413","58,4680712069247","57,2837150127226","57,3559752420251","56,8990269580475","55,7257937134734","55,6010713723019","53,7596302003082","50,7981081879988","46,086251182912","44,3083004"
Thekla,Altenquote,"32,3","33,9","37,4","39,7","42,4","45,8","53,5","58","60,8","64,11651729","64,59607338","64,88874346","66,05080831","64,993481095176","66,4602346805737","66,2062319306136","64,5110902842862","64,9326230021937","65,4320987654321","63,4375","60,829774252593","60,2524630541872","58,4310189359784","57,20680394"
Plaußig-Portitz,Altenquote,"21,7","23,2","23,4","24,4","26,7","28,5","31,9","34,1","34,8","37,00516351","38,43896714","39,54189271","40,31960664","39,390243902439","41","41,125","41,9094854308741","44,1492726122707","45,2471482889734","48,6128625472888","54,4","50,459242250287","49,5301271420674","52,15258856"
Neustadt-Neuschönefeld,Altenquote,"19,3","19,6","19,6","19,5","19,7","19,9","19,4","19,7","19,6","19,49618321","19,00060753","17,85559253","16,63743085","15,5390987824777","14,8486304661221","13,9827625311862","12,8259041211102","12,4860420261902","12,1109674853336","11,9495008807986","12,1132770827272","11,8838364539549","11,6143373159211","11,24020535"
Volkmarsdorf,Altenquote,"19,8","20,1","19,6","19,3","19,1","19,5","19,8","19,9","20,6","21,54125113","22,12193774","21,00721958","19,97696232","18,2236539346526","16,7239719433365","15,0880650326395","14,1424501424501","13,3297644539615","12,7942998760843","12,4568878068574","12,1343118528199","11,7874491920293","11,2611755754232","11,277212"
Anger-Crottendorf,Altenquote,"23,7","23,5","24","24,4","25,2","25,3","25,6","26,6","26,5","26,0324826","24,95418448","23,82725242","23,49344978","22,1135029354207","20,9976184175708","19,640179910045","18,5745401742498","18,0067293189465","17,7803335250144","17,4089525312888","16,9558532835493","16,6830978201336","16,4018892228424","16,1421974"
Sellerhausen-Stünz,Altenquote,"35,3","39,5","43,5","48,1","54","56,9","59,5","61,5","64,2","65,28827977","64,71007605","62,90780142","59,70796258","54,7370708387658","51,044226044226","46,9662495259765","45,0636648828197","42,9388630675724","41,406386320014","39,9931693989071","39,2329882911929","38,0777573836142","37,1885827421218","36,25081646"
Paunsdorf,Altenquote,"22,9","23,6","24,4","25,2","26,6","27,8","29,4","30,5","31,7","33,60872789","34,26581038","35,31971878","35,33067022","35,8737316798196","36,0111420612813","34,9616340646277","35,1978609625668","36,3178082191781","37,5898286346048","38,5444444444444","38,9695290858726","39,1704060413702","37,73761296354","37,97077588"
Heiterblick,Altenquote,"29,2","29,5","29,3","34","34,4","34,7","36,3","37,2","39,7","42,39087692","43,42834521","43,37158686","44,61476402","49,5741819811744","50,5567928730512","51,520572450805","53,0758868432869","54,6648550724638","55,9561843906892","57,380073800738","59,3437945791726","61,4188532555879","64,6474677259186","66,19929895"
Mölkau,Altenquote,"30,2","32,4","34,5","37,1","38,6","41,5","44,9","47,3","51,2","54,74137931","55,43890347","55,53582001","56,88982288","57,6516752188349","58,7147620491058","58,3634175691937","59,6618357487923","60,1950624809509","61,0262675626145","60,5239110569601","61,392601802922","61,4214773432651","62,1155053358443","60,86001255"
Engelsdorf,Altenquote,"24","25,1","25,7","26,2","27,6","28,9","30,4","31,8","33,5","34,11961367","34,63932625","34,4521045","35,87452125","35,1832460732984","35,2115088200034","35,0529100529101","35,8674142480211","36,7965367965368","39,692944626531","41,0546467107553","42,4696142328695","43,2120674356699","42,7799093128706","43,41180604"
Baalsdorf,Altenquote,"17,6","18","18,4","19","20,2","23,4","25,7","27,1","27,2","28,41628959","29,18181818","28,79061372","29,49771689","28,8828337874659","28,3819628647215","28,2589676290464","29,8076923076923","31,4912280701754","31,5338474721508","32,7896995708155","33,3333333333333","35,6953055801594","33,9965397923875","35,49517967"
Althen-Kleinpösna,Altenquote,"21,2","22,4","22,9","22,6","25","27,9","30,7","31,2","31,8","31,57142857","31,88405797","31,23674912","30,6345733","31,0742609949531","33,4773218142549","34,3186733958183","34,5961401000715","33,547466095646","31,6824471959213","33,042846768337","34,9775784753363","35,6653992395437","39,8169336384439","42,20183486"
Reudnitz-Thonberg,Altenquote,"25,8","24,9","24,9","24,3","24,5","23,8","23,9","23,8","23,3","23,64572948","23,39119044","22,37973507","21,33323447","20,3414041854153","19,5316255751665","19,210280996138","18,8392625292132","18,177876873529","17,7766984396819","17,3537985602951","17,1699792346485","16,5863972747563","16,358414704193","16,12189309"
Stötteritz,Altenquote,"27,9","29,8","30,2","31,7","32,8","33,2","33,8","34,3","34,8","35,22164778","35,2479564","34,35870144","32,42607183","31,3098086124402","30,0961538461538","29,8449252483982","29,3620501635769","28,7739192062367","28,0113246396706","28,43886931867","27,8961610011838","27,3832480925631","26,7658600392413","26,15766704"
Probstheida,Altenquote,"35,5","39,6","42,4","43,5","45,4","49,3","52,9","55,9","58","61,48877269","61,39200999","60,77825818","63,56399265","63,1658595641646","62,7865436141709","61,9199535962877","61,5253272623791","60,7892527287993","62,2636184024838","60,7929515418502","59,8138516287982","58,131394722671","56,5059616381545","55,1539832"
Meusdorf,Altenquote,"25,2","26,1","26,6","27,4","29,6","30,7","32,5","32,9","35","37,04188482","37,12154454","37,92335116","38,74439462","39,8441082072444","40,4674610449129","41,2844036697248","43,0046948356808","43,361581920904","44,2070275403609","45,4323400097704","47,5689223057644","48,5815602836879","47,0152935372472","45,59512652"
Liebertwolkwitz,Altenquote,"28,6","29,6","31,3","32,5","33,7","35,6","37,2","38,8","40,2","41,12554113","39,82790412","40,17385905","41,26934985","40,5695039804042","41,7026526835287","42,3420647149461","43,1860609831985","44,0235951567836","44,3681747269891","44,727047146402","45,6782334384858","46,4150943396226","46,5297230003112","46,45080946"
Holzhausen,Altenquote,"25,8","27,7","28,8","30,7","32,7","35,6","38,7","41,1","44,3","45,95744681","47,04767064","47,60487145","49,33481153","48,8065843621399","48,8296135002722","50,0683994528044","49,5539334955393","49,7975708502024","48,972602739726","49,2780257285377","49,1889063317635","48,8493723849372","49,518855656697","48,44720497"
Südvorstadt,Altenquote,"24","23,8","23,4","22,3","22,2","21,7","21,3","20,5","19,8","19,30393296","18,83890578","17,77529674","16,95119848","16,8224828602187","16,3644529276371","16,1842032434826","16,1822293309801","15,8099983751286","15,3751930553337","15,3104471286289","15,0521297218002","14,9601375644834","14,7694524495677","14,46604907"
Connewitz,Altenquote,"28,7","28,8","28,4","27,8","28,2","28,3","28,2","28","27","26,85719205","26,29919918","24,78066545","23,6198802","22,858277094085","22,6994826775357","22,506157635468","22,2585800167415","21,7881747293512","21,3837417812313","20,8424747696358","20,7519566966572","20,2116016052536","19,4793283476788","18,86648122"
Marienbrunn,Altenquote,"39,8","42,7","45,4","48,6","53,5","57,1","61,4","62,3","64,2","68,67309611","70,1897019","68,62091939","67,80889621","64,3398610233733","61,3691194209891","61,94636938837","60,9370337212772","60,0058685446009","59,1041303083188","58,5722644821533","57,5739818341635","55,764229991332","53,5031847133758","52,25398571"
Lößnig,Altenquote,"30,1","32,6","35,3","38,2","42,5","46,9","51,3","55,7","58,8","61,12847508","62,22848615","62,37819983","61,98292843","61,9406654646779","61,0689488131762","61,078811369509","61,3206020391649","60,7443365695793","59,9453288310018","59,4673595323157","58,5154975530179","57,3876495311995","54,9475023862552","53,90625"
Dölitz-Dösen,Altenquote,"27,1","27,5","26,8","27,6","28,9","32,6","34,3","37,4","37,3","36,80528566","37,05564142","36,00732601","34,87729001","34,2934598441206","34,7498286497601","33,76026272578","34,9898580121704","34,766543500168","34,4532053479602","35,5478260869565","35,1323478858714","35,9902540898016","33,8577515568666","33,25885733"
Schleußig,Altenquote,"16,7","15,7","15,3","15,1","15,5","15,3","15,1","15,3","15,7","15,66863905","15,82248521","15,43703008","15,03577198","14,5987900924552","14,8506952359243","14,916685688199","15,2613636363636","15,2075812274368","15,193152382025","15,3846153846154","15,5848546315078","15,6228727025187","15,9638213680045","16,39623284"
Plagwitz,Altenquote,"23,8","24","23,4","25,5","25,8","25,5","24,5","23,8","22,9","22,58705305","21,80219278","19,96342906","19,41042142","18,602390902906","18,0758017492711","17,8381841479041","17,6808472446598","17,6662263320123","17,8843293376498","18,1010170070934","17,7049180327869","17,2741679873217","17,1605845375133","16,92084241"
Kleinzschocher,Altenquote,"32,3","33,3","33,2","32,5","34,9","34,5","34,5","33,8","32,7","32,81447964","30,48951049","29,21309789","27,83968069","26,3667150459603","25,2171166903521","24,0760619536881","22,8575606902603","22,0845792396412","22,0218656822377","21,4206128133705","21,6892742273808","21,0693123880391","20,4645574689628","19,88472622"
Großzschocher,Altenquote,"34,7","37,1","39,4","43,4","47,3","50,2","54,8","57,1","59,6","62,82233503","62,06060606","61,57222666","61,18630573","60,6463124504362","60,2566633761106","59,7734817418473","59,0256211180124","59,0750097162845","58,5874179853339","58,3510330179571","57,9965190485399","55,7634164777022","54,2883895131086","52,6169265"
Knautkleeberg-Knauthain,Altenquote,"22,7","23,1","24","25,2","26,4","28,7","30,1","31,3","32,1","33,98555087","34,5349894","33,94412737","34,18674699","34,1208133971292","33,831720902961","33,2947976878613","33,5432169433314","34,2677345537757","34,9459305634604","35,7735201601373","37,0649651972158","36,9314910765688","36,2314709236032","36,98630137"
Hartmannsdorf-Knautnaundorf,Altenquote,"16,1","17,5","19,8","20,5","21,8","22,8","23,7","25","26,3","28","30,16627078","29,32862191","29,23777019","27,9781420765027","30,2222222222222","31,6248636859324","34,4300822561692","34,0987370838117","38,6977886977887","40,4411764705882","43,7908496732026","45,8115183246073","44,7606727037516","44,75703325"
Schönau,Altenquote,"21,1","23,2","23,1","23,6","23,7","24,5","26,5","27,7","29,3","31,70731707","34,25287356","36,3237774","40,09734182","42,4277907884465","44,1413753361506","45,8128078817734","47,198194810079","48,857249906332","50,2978406552494","50,2313990744037","49,2328218812542","48,0889724310777","46,4869775893398","46,86468647"
Grünau-Ost,Altenquote,"29,6","32,8","35,9","38","40,8","44,8","49,1","52,8","59,1","65,60969923","68,7059966","70,1010599","73,16577812","74,6816097809475","77,7433514071779","80,0103439358676","85,5959380010689","87,7197655833777","88,6578449905482","88,9160554197229","89,5364973633084","85,5792600594113","80,176440062273","79,72374251"
Grünau-Mitte,Altenquote,"26,5","28,5","30,8","32,8","34,3","36,6","38,9","41,1","43,9","46,62813102","48,00056521","48,66065034","49,54220315","50,3996512134864","50,8149842722333","51,2951892968972","49,9189189189189","52,5081344902386","54,429174037284","55,2822194888616","55,7851239669422","55,234954657873","52,7987296546249","52,73871702"
Grünau-Siedlung,Altenquote,"29,1","29","29,5","30,1","32,2","33,6","36,6","39,6","42,8","46,80675731","48,15590947","50,78689919","53,20901995","56,1736770691995","59,448275862069","62,6172607879925","68,6647173489279","71,8204488778055","75,2905507832238","79,3551742069683","80,9373354397051","83,9111592632719","86,5760869565217","90,7938258"
Lausen-Grünau,Altenquote,"20,3","23,1","24,5","26","28,2","29,3","31,2","33,1","35,2","36,75147777","37,92328042","37,62481694","38,85941645","39,470595905594","41,3273988741982","43,4451019066404","44,0858832604783","46,219797349961","49,1570423470065","50,5439108516848","52,3998413328044","53,6706219846134","52,4453182600147","52,45841487"
Grünau-Nord,Altenquote,"22,1","22,8","23,9","25,4","27,3","28,5","30,3","31,8","33,5","35,33165732","35,45310016","35,76437588","35,44479746","36,2093069702417","38,4552679845119","39,390243902439","38,8022337762372","42,2924901185771","44,0055577610163","43,3653846153846","44,7174922600619","43,6918990703851","42,1559716415197","41,63135593"
Miltitz,Altenquote,"16,9","17,7","18,4","19","20,4","21,7","22,7","24","25,7","28,60277981","28,40409956","28,78338279","31,19266055","32,1955003878976","32,2307692307692","32,7856025039124","34,8402182385035","35,8092259577795","37,829209896249","40,0974025974026","43,0717863105175","49,2920353982301","51,8050541516245","55,17560074"
Lindenau,Altenquote,"20,4","21,3","20,5","19,3","18,6","18,4","17,9","17,2","16,7","15,93368639","14,61387005","13,49452366","12,53438114","11,6304952698943","10,7250487502216","9,6795507102742","9,49346925772539","9,54545454545454","9,609043805935","9,84423676012461","10,0091687041565","9,79880202733835","9,28847871390295","9,097611324"
Altlindenau,Altenquote,"19,3","19,4","18,7","18,1","18,7","18,2","18,2","18,6","18,2","18,11466373","17,20660802","16,46010448","15,57629402","14,4922265660515","13,1445477599324","12,7485852869846","12,5293106143505","12,271897810219","12,1755299367795","11,8567103935419","12,0565863368167","12,4812030075188","12,558562338298","12,51214434"
Neulindenau,Altenquote,"41,8","44,1","45,3","44,7","46,6","46,1","47,1","47,8","46","45,09291521","43,89114071","41,94092827","39,89261745","38,2036847492323","37,1186440677966","37,0111731843575","37,8252788104089","36,9890551708733","36,7996414164052","36,9227353463588","37,5335120643432","37,2737430167598","35,9118409680207","34,19760361"
Leutzsch,Altenquote,"25,5","26,4","27","26,6","27,8","28,4","30,2","30,6","31,1","31,87982833","31,81584802","31,05122196","30,13500482","29,0621079046424","28,0794902912621","27,5846833578792","27,7511961722488","27,8599110090426","28,0096879897421","28,4449521633586","28,7491065046462","28,6563783095002","28,8750862663906","29,17862512"
Böhlitz-Ehrenberg,Altenquote,"28,8","30,3","32,4","33,7","34,6","36,5","38","39,5","41,1","42,39895271","42,35894062","42,0940869","41,23628147","40,7957813998082","40,6598661141218","41,032565528197","41,4852752880922","41,3891531874405","42,3472668810289","42,3175416133163","42,1356421356421","42,0028934254943","41,187648456057","41,772554"
Burghausen-Rückmarsdorf,Altenquote,"21,1","22,4","23,1","25,3","26,7","29,4","31,4","33","35,5","37,4508519","38,82625995","38,93687708","39,76859504","40,5235255135852","42,4161964819117","43,1642593214646","45,0290399726683","46,0980662983425","47,8048780487805","49,5759717314488","50,7355579476139","51,6964611455673","52,5027402265254","52,48098515"
Möckern,Altenquote,"31,8","32,5","33,1","34,4","36","37,4","38,8","39,5","40","40,63331222","40,51614544","39,42054434","37,9013692","36,322188449848","35,6971839014936","34,4061302681992","32,9435313948588","31,4675494031498","29,9521531100478","28,3754116355653","27,5527314447092","26,921414368462","26,2646566164154","25,30130162"
Wahren,Altenquote,"34,4","34,3","33,8","35,2","36,5","38,5","40,7","43,1","44,7","45,00537057","44,36049649","42,81907807","42,09183673","39,8562874251497","39,4372801875733","38,7328846600139","36,9869092522742","37,2986095784595","37,4338624338624","38,1955220571935","38,7018701870187","38,2301656495205","37,5106564364876","36,83214135"
Lützschena-Stahmeln,Altenquote,"20,4","21,5","21,7","23,1","24,2","25,9","28,6","31","34,1","36,11532625","36,7386276","36,3072149","37,09361535","37,7707758960221","38,1883479648843","39,3155590927179","41,1192214111922","41,4068745003997","40,5289770517308","41,1284046692607","42,5831702544031","43,3820624259186","42,9957314707024","43,69846879"
Lindenthal,Altenquote,"21,7","23,3","24,8","26,8","28,6","30,2","31,7","33,3","34,6","35,18705763","35,66767068","34,9068323","34,92610837","35,2088452088452","35,8722358722359","35,983566940551","36,7459745253545","37,4280230326296","37,7548572799232","38,9818181818182","40,1221001221001","40,4715605250365","39,947280134196","40,40452685"
Gohlis-Süd,Altenquote,"19,4","19,1","19,1","19,8","20,5","20,7","21","21,2","20,7","20,88814337","20,88507959","20,26969723","20,57912796","20,9469976243139","20,7593924860112","20,8942185514612","20,8913213448006","21,0168968443793","21,3828721190164","21,8086742540757","21,8886756238004","22,014267085986","21,7721328723884","21,97670049"
Gohlis-Mitte,Altenquote,"23,4","23,5","23,8","22,9","23,9","24,7","25,4","25,7","25,6","25,79123873","25,04363898","23,87160494","22,98632219","22,6204736017691","22,4070181851412","22,536496350365","22,3093371347113","21,9129685480396","21,8470196981325","21,7764319959627","21,9173498410574","21,9158801126014","21,494870542257","21,35906715"
Gohlis-Nord,Altenquote,"45","50,6","55,4","58,7","62,1","66,4","70,3","71,7","73,4","73,75446961","70,79870729","69,00478251","67,70880876","63,953488372093","61,1418832552194","58,7990858092666","57,5106426109872","56,631037212985","55,7392809075178","53,1797235023041","51,4894385268099","47,9904224388575","45,2823920265781","43,88735146"
Eutritzsch,Altenquote,"27,6","27,8","28,3","30,2","32","33,5","35,1","35,6","35,7","34,7659855","34,21813403","32,86695497","31,82880335","30,5197901764425","29,420488250057","27,688200747464","26,5781409601634","26,9850927897779","26,6846092503987","28,2348161690026","28,2617504051864","27,5903493843228","26,2057110113647","26,26753976"
Seehausen,Altenquote,"16,2","16","17,3","17,7","18,6","18,3","19,4","20,8","22,8","22,54449572","22,92780749","23,90572391","24,4759973","25,0332889480692","25,7545271629779","23,8320520402129","27,3566249176005","28,6458333333333","29,1505791505792","29,229797979798","31,588785046729","31,5630657815329","30,2715193529752","31,54285714"
Wiederitzsch,Altenquote,"21,5","22,2","22,6","23","24","24,9","26,4","28,2","29,3","31,00589536","31,35374401","31,26610232","32,17423133","33,0455547391624","33,3881278538813","34,3313739897134","34,9559147685525","35,952776240546","37,2715525198449","38,8029088196905","39,5670026129153","40,0968883920253","38,6459802538787","39,18799647"
Mitte,Altenquote,"28,3","28,2","28,5","29","29,6","29,5","29,4","28,9","28,8","28,64951413","28,25818491","27,00348432","25,75246596","24,9538802115361","24,291931226368","23,5403529465136","23,6287109770645","22,9543085476025","22,8272543712678","22,8679695150509","22,7831468294337","21,9721970134477","21,217072490336","20,48882463"
Nordost,Altenquote,"30,4","32,1","34,3","36,5","39,3","41,8","45","46,9","49,3","51,0010921","50,50060072","49,32299457","49,13072226","47,842056932966","47,884178652536","46,6639812509155","45,6112852664577","45,2344771530551","44,4203835004017","44,0462548182102","43,0434486515936","41,7705860720136","39,4082087177856","38,44375"
Ost,Altenquote,"24,5","25,5","26,3","27,3","28,7","29,8","31","32","33","33,95858181","34,03921227","33,34697218","32,77698266","31,6937430944879","30,7924972994206","29,386635824348","28,6427721487037","28,2223990099885","28,2456940400603","28,2082029892249","28,2428479950157","28,1350454678287","27,634134905218","27,46545461"
Südost,Altenquote,"27,5","28,5","29,4","30,1","31,2","32,1","33,2","33,9","34,6","35,50974335","35,29777042","34,54844101","33,992639","33,0752971533668","32,369447859319","32,2014876680151","31,905556268446","31,3028933769379","30,9267479216225","30,8163265306122","30,6260739091503","30,1404730459839","29,7146882705178","29,16078903"
Süd,Altenquote,"28,5","29,1","29,5","29,7","30,8","31,7","32,4","32,8","32,7","32,81766562","32,62154481","31,40117886","30,42780877","29,8525740662239","29,4013675054654","29,150521609538","29,0790676416819","28,553021226575","27,9736224432771","27,6127197173396","27,1709798717098","26,7636956138806","25,8839197491086","25,23741741"
Südwest,Altenquote,"25,7","26,1","26,3","27,4","28,7","29,2","29,6","29,7","29,7","30,13278533","29,5324651","28,44480994","27,77015744","26,8680905249754","26,4836541747352","26,1265298120817","25,8621164925435","25,6835804652428","25,8348932476059","25,841188001826","25,8739009221531","25,4349561053472","25,0300999842957","24,77280989"
West,Altenquote,"23,9","25,9","27,5","29","30,8","32,6","35","37,1","39,8","42,63492063","44,00196175","44,73248576","46,21013763","47,3311897106109","49,0658166898376","50,5752197373333","51,3236124489321","53,8386783284742","55,9155072610948","56,6127946127946","57,5263565630368","57,3265977599787","55,4920127795527","55,62107545"
Alt-West,Altenquote,"25,3","26,3","26,6","26,5","27,2","27,8","28,6","29,2","29,5","29,76605433","29,0940065","28,12434236","27,05760129","25,9888734353268","25,0080042689434","24,4804290650302","24,4651186371933","24,304345661805","24,4224340720565","24,411066806918","24,5316985354936","24,6558961343225","24,3467480450124","24,32191668"
Nordwest,Altenquote,"28,5","29,2","29,7","31,2","32,7","34,3","36,1","37,7","38,9","39,69029707","39,6969697","38,6873261","38,02299585","37,0410590547109","36,8651845808689","36,2727046528987","35,5716086492776","35,0637694851205","34,2630949093252","33,8332279338694","33,7920625055491","33,469298245614","32,8072876571722","32,17991632"
Nord,Altenquote,"25,8","26,4","27,1","27,8","29","29,9","31","31,5","31,7","31,78006769","31,32665551","30,36166277","29,9382348","29,4794188861985","28,9660201918913","28,5211189122924","28,3010197382818","28,3788440003446","28,5348797543919","28,9401625947231","29,0161130234621","28,6690984887962","27,7333171658381","27,71865248"
Stadt Leipzig,Altenquote,"26,5221461153292","27,4733053568495","28,2636104859983","29,1638782059862","30,4790578499054","31,4712343158674","32,6360656324476","33,4054083152398","34,0935957790022","34,7768662518273","34,5777490328531","33,6751329763839","33,0698952173938","32,3066103290594","31,8523181345449","31,3259615589281","31,1089867155626","30,8985995318083","30,8568710445453","30,8435655149631","30,8435655149631","30,3972867495826","29,5997531304696","29,21103922"
Zentrum,Durchschnittsalter,"49,1","49,4","49,5","46,9","49,1","48,8","48,8","48,1","47,8","47,66762673","48,49877601","48,17918903","47,5","46,9358826912018","46,6161327231121","41,2082785808147","46,8683023124647","46,4370165745856","46,6034864416159","47,0400111919418","46,0310978907518","45,682059447983","44,1954234613361","43,18716289"
Zentrum-Ost,Durchschnittsalter,"45,2","45,5","46,2","47,6","45,8","45,6","45,6","45,6","45,7","45,40860534","44,46037026","43,89091669","43,3616","42,786432160804","42,4869027407228","42,618009478673","42,6010712622264","42,3780697975011","42,1919488947475","41,7775146808108","41,5190217391304","40,6422764227642","40,1360811252862","40,26227898"
Zentrum-Südost,Durchschnittsalter,"45,1","44,9","44,6","44,6","44,2","43,5","43","42,6","42,4","42,00682941","41,66808675","41,28450956","40,45017089","39,9820668693009","39,6938114857479","38,0301339285714","38,1925873710766","37,6418818007254","37,6988208552351","37,5705832924865","37,8199209374559","37,6285076085439","37,0426244581637","36,73315636"
Zentrum-Süd,Durchschnittsalter,"45,5","45,6","45,2","46,1","44,6","44,1","43,4","43,1","42,8","42,74190817","42,30932281","42,0150573","41,80969348","41,6389376829778","41,4360597208698","41,5043591979076","41,5629603783826","41,3137648753127","41,3630044843049","41,493804120633","41,7125316267302","41,2597045191194","41,3378263034355","41,39558969"
Zentrum-West,Durchschnittsalter,"41,6","41,1","41,2","43,6","41,1","40,7","40,3","40","39,5","39,28990754","39,13272768","38,76978186","38,66822527","38,6278790306429","38,5546617561543","38,44813767091","38,4235261401557","38,4351479722324","38,4996389239935","38,6798005211609","38,89527785259","38,8451123146586","38,8907146583203","38,87939634"
Zentrum-Nordwest,Durchschnittsalter,"39,9","39,2","38,8","39,7","38,1","37,6","37,2","37,1","37,4","37,51867663","37,54849836","37,62525837","37,59429381","37,5946727853152","37,5043604651163","37,6613869036121","38,049636572303","38,1179827844311","38,4339161496522","38,718926023282","38,9327058162405","39,2381569207994","39,4590653867053","39,85570593"
Zentrum-Nord,Durchschnittsalter,"44","43,5","43,4","43,9","43,8","43,6","43,4","43,3","43,4","43,0004104","42,33866684","41,58322745","41,22723922","41,1560361681329","41,0815527065527","40,9736234560776","40,2009929711034","39,8928377054534","39,9440832249675","40,2442952287368","40,4083634769264","40,0069548469934","39,593552071436","39,48543087"
Schönefeld-Abtnaundorf,Durchschnittsalter,"40,9","41,4","41,2","41,2","41,3","41,3","41,1","40,7","40,9","40,71847447","40,1987928","39,76373731","39,49492479","39,073857027825","38,7994861969868","38,249339279815","37,9334128878282","37,6646856427901","37,4772831926324","37,4482942430704","37,3183117664761","37,4557759713625","37,2884047533309","37,45525998"
Schönefeld-Ost,Durchschnittsalter,"51,4","51,5","52,3","52,6","53,3","53","53","53,3","53,8","53,99273938","54,17281157","54,32581717","54,38526943","53,879760609358","54,0794535519126","53,1278872642509","52,3199958856202","51,9126888217523","51,8276522791448","51,7132778398132","51,4040556900726","50,89336492891","50,011013215859","49,55901288"
Mockau-Süd,Durchschnittsalter,"43,5","44","44,5","44,4","44,7","45","45,1","44,9","45,2","45,51931217","44,60521067","44,10993939","44,06089974","43,9910050371792","43,4414600550964","43,2336343115124","43,0662439877569","42,6964628169614","42,4564851797351","42,5730442000415","42,438612645795","42,8009268795057","42,6003861003861","42,2271077"
Mockau-Nord,Durchschnittsalter,"47,1","47,6","48,2","47,8","49","49,5","49,7","50,2","50,6","50,74719101","50,68437652","50,74236018","50,59316829","50,5504193761191","50,4097261039687","49,6214182081973","49,3885086455331","49,2846933236837","48,8740547353259","48,8610536725703","48,5732900471404","47,9677517625555","46,670651817884","46,35422036"
Thekla,Durchschnittsalter,"47,7","48,2","49","48,7","50,2","50,6","52,2","52,8","53","53,21483028","53,0334781","52,95317055","53,24433893","52,8106988472622","52,8258586937177","52,5318404478656","52,0013726835964","51,5761645698742","51,5544926545952","50,847184531886","50,0299245599329","50,1340013586956","49,6489751708049","49,67628419"
Plaußig-Portitz,Durchschnittsalter,"43,1","43,7","43,9","44,7","44,5","44,9","45,3","46","46,2","46,62960894","47,00505807","47,392261","47,80279801","47,9168895682079","47,9564714946071","47,7052067381317","47,6578749058026","48,1182163187856","48,0251879699248","47,8794853207684","49,1318306010929","47,6475040257649","47,1277485289563","47,67627628"
Neustadt-Neuschönefeld,Durchschnittsalter,"39","38,9","38,7","39,4","38,6","38,2","37,9","38","38","37,84255672","37,64433785","37,24734269","36,58664801","36,184780561311","36,1006191950464","35,5844217628233","35,0980694354315","34,7930558839757","34,560233511173","34,5881502890173","34,8229017419501","34,8645950190711","34,9068845062223","34,94588992"
Volkmarsdorf,Durchschnittsalter,"38,9","39,1","39,2","40","38,4","38,5","38,6","38,8","39,1","39,38341501","39,64426826","39,50905433","39,02869483","38,2898429669228","37,3956425480527","36,2910108270403","35,5210828132906","34,5840170400757","34,4287633376833","34,5189008653408","34,2887758945386","34,1071401952747","34,1144241119483","34,30524823"
Anger-Crottendorf,Durchschnittsalter,"41,1","40,5","40,4","41","40,2","40","39,9","40,1","39,8","39,69276723","39,32749126","39,10761865","39,07621235","38,9054914444887","38,424746469529","37,9313316400581","37,4089383501148","37,0238944062474","37,045746388443","36,917599734594","36,9379728300659","36,9267381416504","36,9378886939882","37,13361412"
Sellerhausen-Stünz,Durchschnittsalter,"47,9","48,5","48,8","49,6","49,5","49,4","49,7","49,7","50,2","50,29045371","50,3860542","50,3541584","49,97417597","49,152256834075","48,4075384240059","46,9537931034483","46,4869339941428","46,0181267217631","45,4560570071259","45,2013236549957","45,0751731486414","44,7445428661816","44,4554905443527","44,34290788"
Paunsdorf,Durchschnittsalter,"42,6","43,1","43,7","44,2","44,2","44,4","44,9","45,5","45,7","46,09170148","46,27066373","46,58575247","46,5292561","46,611719038817","46,4459400465658","45,8487647766688","45,2881443654682","45,5137781507903","45,4241369710468","45,6533896530057","45,4476700034518","45,2563534782312","44,6359922178988","44,44453717"
Heiterblick,Durchschnittsalter,"42,6","42,9","43,4","42","45,5","46,3","46,8","47,3","48,2","48,83156297","49,61773662","50,10329114","50,70255754","52,0970645250623","52,3357435197817","52,4579831932773","52,6516294101804","52,7959978511953","52,7192256341789","53,1230831315577","53,5406881485527","53,8131701952158","53,9145534729879","53,96677695"
Mölkau,Durchschnittsalter,"45,4","46,1","46,7","47","47,7","48","48,7","49,2","49,7","49,98232155","50,49462094","50,68461277","51,05222355","51,196001367054","51,346219346049","50,8475129794004","50,9626144879267","50,931290699616","50,9622296173045","50,9864730290456","51,0696010772597","51,2159932659933","51,0655696202532","50,88247283"
Engelsdorf,Durchschnittsalter,"42,1","42,6","43,1","43,5","43,6","43,9","44,2","44,6","44,9","45,04358724","45,36832655","45,55000591","45,84828558","46,1128231177334","46,2248671390611","45,9104101959944","46,072489129282","46,4181895452614","47,1009687836383","47,5060240963855","47,8699503132426","47,9978392394123","47,8674859027556","48,18752009"
Baalsdorf,Durchschnittsalter,"41,4","41,4","41,7","42,4","42","42,8","42,8","43,3","43,1","43,10084797","43,26959904","43,26106195","43,59899823","43,6600698486612","43,3420158550396","43,1400669642857","43,3901220865705","43,6482910694598","43,8929919137466","44,4344883595019","44,6359956826767","45,4928492849285","45,6008174386921","46,21718836"
Althen-Kleinpösna,Durchschnittsalter,"39,3","39,8","40,3","41","41,4","42,4","43,3","44,1","44,4","44,5075365","44,83048838","45,41071429","45,44217687","45,802436693741","46,392523364486","46,9673811742777","46,9668508287293","46,5780891134589","45,9910037878788","46,6121539183482","47,0246913580247","47,2536092396535","47,6500938086304","47,89704524"
Reudnitz-Thonberg,Durchschnittsalter,"40,7","40,6","40,7","40,6","40,2","39,8","39,5","39,4","39","38,90679566","38,74340346","38,38926472","37,95851365","37,6429682235239","37,3361610280092","37,1226516110192","36,9941769263678","36,7814716514895","36,6252865812542","36,6268452223106","36,5608354976449","36,4677263969172","36,4956210020178","36,67306791"
Stötteritz,Durchschnittsalter,"42,7","43,1","42,9","44,1","43","43","42,9","43","43","43,0249929","42,890741","42,68303296","42,14088029","41,9517227826543","41,7917517875383","41,698678767673","41,5086305751705","41,2380699893955","40,9930400412442","41,1731548604372","41,1333408476105","40,9876670954751","40,8972152176296","40,97383579"
Probstheida,Durchschnittsalter,"46,8","47,7","48,6","51,2","49,1","49,8","49,9","50,1","50,2","50,63924269","51,06641035","51,19308132","51,60982173","51,4323719542516","51,0668779457175","50,6746634996041","50,6405641265389","50,5136544952439","50,7592479364109","50,4554655870445","50,3808065720687","50,0922848664688","49,611509244661","49,33713309"
Meusdorf,Durchschnittsalter,"45","45,2","45,3","45","45,9","46,1","46,6","46,8","47","47,35536952","47,45567787","48,05832356","48,18497954","48,2802941176471","48,4716208308953","48,4582124201973","48,6581722319859","48,5278021656424","48,5833577927796","48,4898779398631","48,7158749248346","48,9119420989144","48,600860278849","48,23727844"
Liebertwolkwitz,Durchschnittsalter,"43,3","43,9","44,4","44,8","45,2","45,5","45,8","46,1","46,2","46,62436746","46,58333333","46,90280483","47,09590352","47,2431122933688","47,5450381679389","47,6057910673732","47,6005660377359","47,4686800894855","47,4142910378237","47,7114349359569","47,9694642188085","48,1048071548351","48,0116792348722","48,19435708"
Holzhausen,Durchschnittsalter,"43,9","44,3","44,8","45,1","45,8","46,5","46,8","47,4","47,5","47,85415315","48,17748777","48,31302251","48,58085382","48,7694225510696","48,7223638101306","48,647476340694","48,5363494539782","48,5180124223603","48,168134872418","48,2429864253394","48,1241399940173","48,1464419475655","48,1378338278932","48,09195231"
Südvorstadt,Durchschnittsalter,"40,1","39,9","39,4","39,9","38,8","38,6","38,4","37,9","37,6","37,26033987","37,12781486","36,83258553","36,77119219","36,7203107427","36,5164647916239","36,3946351672234","36,5591697025501","36,4599087225086","36,3955604497508","36,5312463968638","36,6239382974671","36,7962103340689","37,0783902309932","37,34740651"
Connewitz,Durchschnittsalter,"42,1","41,7","41,4","42,2","40,9","40,6","40,4","40,4","39,9","39,76968691","39,72427984","39,36531832","39,22719045","39,1741416726949","39,3668647191506","39,4174014172121","39,4990898383125","39,5443816932175","39,588735583759","39,5626552152318","39,7367999172571","39,9155500155812","39,8462102442231","40,04545914"
Marienbrunn,Durchschnittsalter,"49,4","49,9","50","49,5","50,3","50,5","50,6","50,3","49,9","50,40290916","50,43388134","50,41391551","50,47203658","49,8849443969204","49,5028206404513","49,5047752346452","49,4014269312777","48,9275772778767","48,9207720885156","48,8484081632653","48,9342603258187","48,8236794470956","48,5302013422819","48,62294554"
Lößnig,Durchschnittsalter,"46,5","46,8","47,3","47,2","48,2","48,3","48,5","48,9","48,9","49,01164949","49,26816705","49,37895562","49,37652958","49,3760883512052","49,1665456855095","49,0449859842662","48,9701526234986","48,8730546507419","49,0547293008071","49,2251102130786","49,4544736597603","49,4691180561996","49,2380532615756","49,36049348"
Dölitz-Dösen,Durchschnittsalter,"43,4","43,6","43,6","43","44","45,1","45,3","45,5","45,3","44,83166708","44,92141623","44,948","44,66260344","44,7873208379272","44,4654869202022","43,9032530629489","43,9459401709402","43,9924419842453","44,030647606671","44,6273359408953","44,6704325371207","45,090652173913","44,6883967560823","45,00912446"
Schleußig,Durchschnittsalter,"37,3","37","36,8","37,9","36,5","36,2","35,8","35,7","35,4","35,15911363","35,1134813","35,20955372","35,2749338","35,3996492906106","35,5657351540171","35,7813071479685","35,9722528771875","35,9633671083398","36,0948188939735","36,4689687354176","36,837542874961","37,2249862020027","37,5683572216097","38,10518135"
Plagwitz,Durchschnittsalter,"41","41,1","40,9","43,9","41,6","41,4","40,9","40,6","40,1","39,97790757","39,49546055","38,82060829","38,61226957","38,3240510819439","37,9615699938512","37,8793721377846","37,8371187540558","37,6587542726927","37,8078320802005","38,0038964226545","37,918031300985","37,8396158463385","37,9975540755584","38,10391169"
Kleinzschocher,Durchschnittsalter,"43,1","43,1","42,8","42,7","43,1","43","42,9","42,9","42,8","42,89911228","42,07897807","41,83789534","41,54861033","41,4427054529366","41,149760034904","40,4959771331781","40,2400143017673","39,7550228764671","39,805286081964","39,6271244051666","39,8606653049314","39,6922558273936","39,44824692279","39,38302478"
Großzschocher,Durchschnittsalter,"48,3","48,7","49","49,4","49,4","49,6","49,9","50,1","50,3","50,54151543","50,53501638","50,86203807","51,01962868","51,1479785570695","51,1689662846334","51,0493983883431","50,8050773111087","50,7712253829322","50,2664138678223","50,4329274921187","50,3680026138096","50,1004319654428","49,8392953345545","49,56440824"
Knautkleeberg-Knauthain,Durchschnittsalter,"42,8","42,9","43","43,5","43,4","43,5","43,9","44,1","44,5","44,8998829","45,28193146","45,3375556","45,52430087","45,5396795116368","45,4120448179272","45,1398382947446","45,1344164095117","45,1700306361507","45,1293210423684","45,301908464393","45,7375690607735","45,4852553975777","45,3508113767231","45,71490922"
Hartmannsdorf-Knautnaundorf,Durchschnittsalter,"41,2","41,7","42,4","42,4","43,6","43,8","44,1","44,2","44,9","45,26710098","45,59646302","45,74361022","45,55733945","45,6445692883895","45,7085521380345","45,4847826086957","46,1089597570235","45,6570796460177","46,0241327300151","45,9495548961424","46,7842757552285","46,5941265060241","46,6460843373494","46,64615958"
Schönau,Durchschnittsalter,"43,8","44,3","44,5","43,2","44,7","44,7","44,9","45,4","45,9","46,61472967","47,34016572","48,21396994","49,14952153","49,3240019474197","48,6609813084112","48,1386194450711","47,7129955947137","47,2865459249677","46,925068695836","47,0281632653061","46,6429123213596","46,2771282426014","45,729203539823","45,88667835"
Grünau-Ost,Durchschnittsalter,"48,5","49,7","50,7","49,4","51,8","52,5","53","53,6","54,4","54,78055556","54,75134409","55,10164909","55,28512059","55,2438150601595","54,6488222698073","53,8293593606708","53,8218856098198","53,0543186180422","52,8227799227799","52,6489856570616","52,7822198842714","52,3036135113904","51,5311254019293","51,54721252"
Grünau-Mitte,Durchschnittsalter,"44,2","45,3","46","45,2","47","47,3","47,6","48,2","48,3","48,68859354","49,13854806","49,18301661","49,03881279","48,7362511651555","48,2132815084353","47,3841215667154","45,844930417495","45,8394964299136","45,6140311804009","45,6521868050408","45,5993387324467","45,4577265973254","44,9682072523799","45,03736943"
Grünau-Siedlung,Durchschnittsalter,"47,2","47,3","47,9","48,3","48,6","48,6","49,2","50,1","50,4","50,8947709","51,20501169","51,61991765","52,0632716","52,7631578947368","53,2240293809024","53,3324225865209","53,8877338877339","53,954215304799","53,9547087503208","54,4672812256557","54,6124739039666","54,8280674038968","54,9002081707","55,54554919"
Lausen-Grünau,Durchschnittsalter,"42,7","43,9","44,8","43,7","46,3","46,3","46,7","47","47,5","47,93921468","48,10562891","48,17607233","47,90907537","47,9521884118383","48,0424481737414","48,2682996181656","47,4773153942428","47,2884064700875","47,2777263255383","47,2918226977455","47,4220066185319","47,2957099831044","46,6550162483579","46,74328627"
Grünau-Nord,Durchschnittsalter,"42,4","42,7","43,3","42","44,5","44,8","45","45,4","45,3","45,44473056","45,65164722","45,74647526","45,27998992","45,4239663189644","45,4038895859473","45,1461500432579","43,9805661909734","44,410720521476","44,2953209634666","44,0345975843775","43,982863243061","43,5544829116733","42,9884866659527","43,07814807"
Miltitz,Durchschnittsalter,"40,4","41","41,6","42,6","42,6","42,8","43,5","44,5","45,1","45,93341902","46,16477566","46,61430063","47,8522848","48,0658873538789","48,14755391899","48,3120340788072","47,9154164511123","48,0074550128535","48,3823529411765","48,6300309597523","48,917273673257","49,7072263549416","49,9954666666667","50,3864"
Lindenau,Durchschnittsalter,"38,6","38,8","38,5","39,4","37,8","37,6","37,5","37,3","37,3","36,85125698","36,20417362","35,7269054","35,59193132","35,102435530086","34,8095958207314","34,3758027228359","34,32302850796","34,3478419010669","34,4580470162749","34,8037444670415","35,0042036431574","35,2197556964999","35,2380707174734","35,46702419"
Altlindenau,Durchschnittsalter,"38,5","38,4","38,3","39,5","38","37,8","37,8","37,9","37,9","37,86530381","37,70923053","37,57246597","37,33874459","37,016211017997","36,3779892003086","36,2089911198816","36,0574958422428","35,9419870310329","35,7791471600203","35,6665115260362","35,6256519167697","35,8754109847464","36,030061543317","36,20363389"
Neulindenau,Durchschnittsalter,"46,8","47,9","48,1","47,5","48,5","48,2","48,5","48,5","47,9","47,49334652","47,36738544","46,99463123","46,46132972","46,0380718954248","45,6342031686859","45,7204783258595","45,7060731132075","45,1277351520318","45,0851820250284","44,9712336474891","45,2007918552036","45,2681179974472","44,5031615120275","43,40822943"
Leutzsch,Durchschnittsalter,"43,1","43,6","43,8","44,5","43,7","43,9","44,2","44,1","44,1","43,9541369","43,91042048","43,95007301","43,53892603","43,3643189509306","42,8984808047629","42,5837654567212","42,5132378897823","42,1991312741313","42,3773376810204","42,6431305013395","42,8017224880383","42,7158724131384","42,5934208094622","42,88627397"
Böhlitz-Ehrenberg,Durchschnittsalter,"44,2","44,6","44,9","45,6","45","45,3","45,5","45,7","46","46,33900709","46,47664263","46,50543642","46,723335","46,6137872930915","46,8016092407938","46,9323899371069","47,0467675378267","47,1573965651834","47,4864306784661","47,5749118683901","47,5757531154941","47,6834564254062","47,385447106955","47,46190569"
Burghausen-Rückmarsdorf,Durchschnittsalter,"42,9","43,2","43,6","44,6","44,5","45,1","45,7","46,3","46,8","47,27380192","47,58248516","47,99586251","48,35981505","48,5565762004175","48,953603976802","49,0293627655144","49,3057764755128","49,5802352446965","49,6110415362137","49,6543441938179","49,8631214600378","49,8756847871892","50,1020151133501","50,18539795"
Möckern,Durchschnittsalter,"46","45,9","45,9","45,5","45,9","46,1","46","46","45,7","45,71847175","45,62697257","45,45193848","45,17327351","44,8753416337686","44,6408262002233","44,2122576925848","43,4366060269407","42,930336628373","42,5632764724815","42,052873277895","41,8216804291483","41,6575176171019","41,3051032110092","40,99750388"
Wahren,Durchschnittsalter,"46,1","46,3","46,4","46,3","47","47,4","47,2","47,8","48","47,82195448","47,89494949","47,69712423","47,55859627","46,8557221542228","46,6787475713645","46,4805782060786","45,8523850451225","45,7661951909477","45,4478407178912","45,6819713563606","45,5517455498827","45,6821305841924","45,5403236682401","45,37899452"
Lützschena-Stahmeln,Durchschnittsalter,"42,5","43","43,5","44","44,3","44,5","45","45,6","46,2","46,74794623","47,22400804","47,38801621","47,61715587","47,8726235741445","47,9997445068983","48,1430020283976","48,5107279693487","48,0074515648286","47,8003645200486","47,5359884836852","47,5239791073124","47,7501781895937","47,5672562252734","47,83709185"
Lindenthal,Durchschnittsalter,"42,4","43,1","43,6","43,5","44,7","45,2","45,3","45,6","45,8","45,78378828","45,69744806","45,74274364","45,8438501","45,9260289210234","46,0721502999684","46,1102643856921","46,1879029782008","46,31134083308","46,3613337365795","46,5168801808591","46,5773273273273","46,7367395864549","46,860421928391","47,01237329"
Gohlis-Süd,Durchschnittsalter,"39,6","39,1","39","39,8","39","38,9","38,9","38,9","38,8","38,80122592","38,95227062","38,8507163","39,07869878","39,2065654823502","39,1932391523713","39,2710293380838","39,3010181738559","39,1981132075472","39,482356411219","39,6340013858536","39,7848161960575","39,93776","39,9651065169483","40,40201257"
Gohlis-Mitte,Durchschnittsalter,"40,6","40,6","40,6","41,4","40,4","40,6","40,6","40,6","40,5","40,45808555","40,15203652","40,04666757","39,79898671","39,6830796777082","39,5270560718124","39,5567233481835","39,2574130567419","39,0977561263655","39,1891031259129","39,4000868306802","39,5565744839878","39,6513424157784","39,6885282848772","39,9161341"
Gohlis-Nord,Durchschnittsalter,"48,4","49,4","50,1","50,5","51","51,5","51,9","52,2","52,2","52,15818046","51,69493082","51,53921807","51,16382564","50,6290130087123","49,8755259467041","49,2331954498449","48,7756144091572","48,4444871091607","48,3318327974277","47,8538045175393","47,2711300071714","46,341528436019","45,9625438938744","45,74235089"
Eutritzsch,Durchschnittsalter,"43,1","43,2","43,5","44,8","43,8","44","44","44,1","43,9","43,60269477","43,45299476","43,09914694","42,93900455","42,7406936048361","42,3023549201009","41,4188975244675","41,2446290759925","41,2281786941581","41,2808870474767","41,8128201625572","41,9741174069791","42,0299776437911","41,6047612827379","41,90166098"
Seehausen,Durchschnittsalter,"38,8","39,4","39,6","39,5","40,6","40,7","40,6","40,7","41,4","41,41190037","41,25495164","41,67101052","42,08474189","42,1309204647006","42,6106630824373","40,6796502384738","42,9523601398601","43,1123667377399","43,0144411887819","43,0034736411933","43,5470541716093","43,4870327993898","42,6672143117926","43,07870204"
Wiederitzsch,Durchschnittsalter,"42,2","42,5","42,7","43,6","42,7","42,8","43,2","43,7","43,8","44,24002936","44,60101133","44,83583717","45,06919403","45,2790311090002","45,5649580725168","45,708480565371","45,7293299029353","45,9658428538121","46,138062283737","46,4211646909886","46,5878037597432","46,8010250569476","46,4031273836766","46,66368398"
Mitte,Durchschnittsalter,"43,9","43,6","43,4","43,1","42,9","42,5","42","41,8","41,6","41,42522334","41,11642159","40,7768072","40,44490289","40,2472247878291","40,0730008453085","39,5830787044482","39,7373738986081","39,5139162237134","39,6129106539761","39,7134646712239","39,8739379779099","39,6545909502666","39,4233969053616","39,37401205"
Nordost,Durchschnittsalter,"46,3","46,7","47,1","47,5","47,8","47,9","48,2","48,4","48,6","48,67246243","48,39077647","48,19841533","48,11326626","47,7947178871549","47,6128635804998","46,9463513632754","46,5086756221476","46,240666638287","45,9938193343899","45,8540142917192","45,6454994090447","45,3935947228901","44,7517884390544","44,62134638"
Ost,Durchschnittsalter,"42,3","42,5","42,8","43","43,1","43,2","43,5","43,8","44","44,1193693","44,24101973","44,21341985","44,02304083","43,7763898759088","43,4239790741497","42,7098868133807","42,2274689626576","41,8907714750335","41,7755835573609","41,8358014244412","41,824430828237","41,7737210573445","41,5920592774147","41,6226283"
Südost,Durchschnittsalter,"42,9","43,2","43,4","43,5","43,6","43,6","43,6","43,7","43,6","43,75521197","43,71093269","43,56089165","43,32304361","43,1384532179557","42,9350242611381","42,7519783925131","42,6138857423031","42,3654525641449","42,199068212071","42,2297636275929","42,1970690813682","42,1085682900037","42,0168748048704","42,05920798"
Süd,Durchschnittsalter,"43,4","43,2","43","42,8","42,7","42,6","42,5","42,3","42","41,84712953","41,81909388","41,58053045","41,48596548","41,3942610125022","41,2827503937376","41,1637423312883","41,2183354450669","41,1109749826058","41,0882017839742","41,1533108330098","41,2526647684074","41,3928592751806","41,3980197438007","41,59030675"
Südwest,Durchschnittsalter,"42,4","42,5","42,3","42,5","42,5","42,4","42,2","42,1","42","41,90830903","41,65578339","41,50845868","41,41833267","41,3297112061391","41,187053537138","41,0441845538125","40,9806056102545","40,7961061267747","40,8046489701189","40,9383017715333","41,0709339456783","41,0561328334226","41,0583740238679","41,18717109"
West,Durchschnittsalter,"44,2","45,1","45,8","46,5","46,9","47,1","47,5","48","48,4","48,78764195","49,06920086","49,29835577","49,30095584","49,3253575807111","49,1091822152447","48,7688491474066","47,9287838353031","47,8187865083852","47,6761040419162","47,6523523077494","47,643753460048","47,4299342165206","46,8875211625282","47,00720751"
Alt-West,Durchschnittsalter,"42,1","42,4","42,5","42,4","42,4","42,4","42,6","42,7","42,7","42,73398994","42,591133","42,42986528","42,22286214","41,9013232550536","41,5293142105361","41,3073718984524","41,1981732510505","41,0551815215703","41,0596297310246","41,0808593683997","41,108889559546","41,2329773479086","41,1118238415165","41,16295769"
Nordwest,Durchschnittsalter,"44,8","45","45,2","45,5","45,7","45,9","46","46,2","46,3","46,32147769","46,34062412","46,25195073","46,15410807","45,9232284779269","45,8210640679529","45,5997548070719","45,1545643153527","44,851865465907","44,5767480161701","44,3537266077147","44,20492653414","44,1920245398773","43,9722570576596","43,80055933"
Nord,Durchschnittsalter,"42,3","42,4","42,4","42,5","42,6","42,7","42,7","42,8","42,8","42,74027189","42,66285248","42,53483534","42,47092186","42,3821372770447","42,207581336849","41,9271091030294","41,8448270849384","41,7556683683655","41,8833704884725","42,0709325119014","42,1520632182309","42,1459825856938","41,9596486504678","42,20710484"
Stadt Leipzig,Durchschnittsalter,"43,3371548929574","43,5524781158686","43,6941419638962","43,8012036247137","43,890023123982","43,8981015051039","43,9214555824816","44,0017185927427","43,982632399219","43,9920751089388","43,9135698491475","43,7662299792599","43,6055795209445","43,4210398481129","43,2012707679874","42,8429785540446","42,6412541197177","42,4356754568293","42,3793077146167","42,4203830019213","42,4203830019213","42,3947413296954","42,19416141472","42,2525886"
