"Gebiet","Sachmerkmal","2011","2013","2015","2017","2019","2021"
Zentrum,Abitur,"51,2464031334641","55,8933832270594","64,9248275396892","64,4145990565112","70,222107880082","65,264786701239"
Zentrum-Ost,Abitur,"53,124704246403","54,1192021893556","56,3296239370028","71,3233338277759","72,2311827919847","61,1449787298648"
Zentrum-Südost,Abitur,"42,9080752940332","53,5410768520238","57,1238169954232","63,4029859993483","67,8975046795556","64,1725133710326"
Zentrum-Süd,Abitur,"63,5809130258934","57,2707023693103","62,4709118876538","61,5396891231501","67,082398814146","68,7459986288375"
Zentrum-West,Abitur,"51,1938088250863","55,3376257032813","63,8555566744007","68,1309813546737","69,3378965995245","62,4614725654606"
Zentrum-Nordwest,Abitur,"57,1544867804915","57,3282896671409","69,9572466712604","64,69409048122","81,0900698976119","76,4175508524373"
Zentrum-Nord,Abitur,"47,059627193514","49,1270915526088","53,5274660218758","54,6521550862846","60,7324307374667","69,8989429159122"
Schönefeld-Abtnaundorf,Abitur,"23,7718027680526","16,4617323844301","34,0236086114119","44,8213256337217","43,3975547582897","34,7420280431682"
Schönefeld-Ost,Abitur,"14,2651070705506","17,1502075097287","22,4248999379904","28,5683080759411","21,329570064946","35,6438555075791"
Mockau-Süd,Abitur,"14,023287102016","24,9565265902282","27,241675173245","25,9593587563735","30,6022444492764","38,3275914676138"
Mockau-Nord,Abitur,"15,7569970123272","16,8500419822522","28,5136105708162","19,2333127594236","20,5446568913802","29,3636623884053"
Thekla,Abitur,"19,7150904313694","21,8214189842224","31,5713774885242","28,0845717471497","34,9049993411505","36,7902195220107"
Plaußig-Portitz,Abitur,"24,628339750836","27,9339255077622","28,0047785236146","26,8499587535198","35,2311617198681","41,2319992095015"
Neustadt-Neuschönefeld,Abitur,"32,5744669465907","54,1060135886528","62,7381426052025","53,4656080298263","63,6154700114138","67,2511820237886"
Volkmarsdorf,Abitur,"28,3815180652327","28,0526581256239","49,7249829428605","58,227029034035","58,6045694813743","61,4123003604174"
Anger-Crottendorf,Abitur,"29,5047314470663","28,0636936120649","43,3902979104552","47,6213370111366","53,503149979988","61,7129981126418"
Sellerhausen-Stünz,Abitur,"21,3346347312642","16,2629402126312","21,8364061613137","32,0895856132922","30,0983664543783","41,0330891360686"
Paunsdorf,Abitur,"14,0516247881792","12,8155286212088","29,6827990973335","19,6053312729068","18,459711448004","33,6719971271691"
Heiterblick,Abitur,"18,4816206419852","18,8574700825068","17,1668717709745","24,356830468643","28,8528940681696","29,842462406803"
Mölkau,Abitur,"31,0233894262424","29,4863498220297","34,8445749842549","39,2313567151414","45,6204794419312","39,9900147009217"
Engelsdorf,Abitur,"24,9450436503556","16,4902994919884","21,8390017758776","30,9347462321084","40,6456960074381","36,8752724179335"
Baalsdorf,Abitur,"39,5070801590896","31,3293748034864","46,4528101219179","47,0600589260906","44,7652805967279","43,9971023225009"
Althen-Kleinpösna,Abitur,"19,1791488986562","28,7940709639364","29,2207870133412","16,6271581386314","35,5285682744699","22,4310969771994"
Reudnitz-Thonberg,Abitur,"40,2900719928437","44,906357409478","54,7722846064319","58,6713831517373","58,2534296621351","73,5415848887661"
Stötteritz,Abitur,"31,5324435800041","40,2237406240387","48,3792059848137","42,9227929796343","51,1860274340417","49,7565852808998"
Probstheida,Abitur,"20,9170212087127","29,3968486650844","40,5300143125343","34,4424648902319","52,8925427810663","49,8018072746511"
Meusdorf,Abitur,"16,2144839095139","28,17154588511","18,2560919529593","23,318028817585","23,0174538306227","33,7534514476634"
Liebertwolkwitz,Abitur,"16,7593928358091","21,9076299591093","33,0425642620765","12,7178794641429","23,8535596383266","32,9319001172089"
Holzhausen,Abitur,"27,2583927050928","23,0093823726955","31,5860698554486","43,9432505254129","41,5964698934994","43,667197506327"
Südvorstadt,Abitur,"54,599782833711","56,4789155886934","57,6378707042294","69,7950549018242","61,9758699889706","70,0190982627194"
Connewitz,Abitur,"46,6838092464549","43,7447902767842","50,4902435225392","58,5663467190096","52,4308415570576","57,2665394048422"
Marienbrunn,Abitur,"38,6300088404585","33,2549582413975","39,0691885276767","44,8190113236555","48,6507016639122","49,5986304935105"
Lößnig,Abitur,"20,2990055175609","20,8577201302685","33,7223114294325","36,2410856031634","31,0822168234624","34,3214695145572"
Dölitz-Dösen,Abitur,"25,7221274960841","35,3164831206137","32,0005430729285","39,524846373886","39,0413617827949","46,588126564468"
Schleußig,Abitur,"52,2808209623087","61,59141790544","71,9955431854838","80,9665893764403","72,7408931191219","68,635121258822"
Plagwitz,Abitur,"41,7597606808049","51,3068867803547","58,9379281249745","59,7576692068009","65,5096290001379","58,9946296986866"
Kleinzschocher,Abitur,"21,3766219625332","18,7744909370034","29,9813718703377","42,461776622082","48,2178105085753","58,3255358777526"
Großzschocher,Abitur,"15,9321389973252","18,9693075288688","24,3013687011975","26,0739432893309","28,2735305243299","29,1770752209654"
Knautkleeberg-Knauthain,Abitur,"32,6586567634342","28,3964628041313","37,0698006079332","40,7728837531474","41,3792355837952","49,5991462612566"
Hartmannsdorf-Knautnaundorf,Abitur,"13,6313522971692","27,191157806535","28,757116025007","30,1306614158271","32,2672618105761","34,1468387604992"
Schönau,Abitur,"20,5866221660112","16,4032434068429","19,9372568233161","26,4932954174489","33,6848034646917","28,3845906883842"
Grünau-Ost,Abitur,"10,0503924920873","12,9988516790853","16,2681033061575","19,7654299152684","18,0283788961956","21,2992613943645"
Grünau-Mitte,Abitur,"12,2604913117517","10,9875252693496","12,1670994728154","19,9746575492102","22,7858050643557","20,271184768093"
Grünau-Siedlung,Abitur,"28,0173737348678","36,2366659055728","35,0010185387428","28,0707199336427","39,2173475265077","35,9664810725286"
Lausen-Grünau,Abitur,"14,8205076039447","22,7043480544908","23,0165477960477","19,9735624098901","21,599584671376","26,236532146439"
Grünau-Nord,Abitur,"11,0373184201467","9,74730102241547","27,6806980315338","14,2351499556429","20,5571365521621","23,2356767680024"
Miltitz,Abitur,"26,364247475084","21,6325211478242","34,5950136690579","24,135652474591","32,7011468653038","32,9376642018242"
Lindenau,Abitur,"41,6527432332194","40,5275217459023","58,1522679081521","71,7183691797897","69,9412364384587","66,8992370777767"
Altlindenau,Abitur,"27,1797976586834","41,1119284188566","53,1094579961427","58,9326576107266","54,0000251417874","63,6246597808668"
Neulindenau,Abitur,"16,2017818722746","21,4527082515276","28,4902456673617","28,6771026535465","32,6557305673591","34,4370593924801"
Leutzsch,Abitur,"19,8832660163588","25,8296358989476","44,4162865702628","38,209711731185","46,7248436906837","52,7780571131051"
Böhlitz-Ehrenberg,Abitur,"21,6568950770962","27,558219610898","35,5028060881347","37,9062580944348","35,04864767146","32,1673603255551"
Burghausen-Rückmarsdorf,Abitur,"23,5364558079048","28,4059052963545","38,4792679895428","28,7081788071116","38,6874725254599","27,9254867698"
Möckern,Abitur,"20,3806541510033","18,7286841226357","38,4583776708256","31,5512206805174","38,4121208412156","39,7439919763907"
Wahren,Abitur,"26,3431203090875","23,3048588869495","34,7984599123894","23,9117589173865","46,2016288911203","31,3610287802592"
Lützschena-Stahmeln,Abitur,"19,8737665323423","26,8316341784611","27,7887142253426","28,1794324282162","46,4491555944449","37,9986310424115"
Lindenthal,Abitur,"18,3420063464965","28,4549723423902","29,1963762121272","27,4034624660956","28,8283017725456","26,3633682577453"
Gohlis-Süd,Abitur,"42,7027410657549","50,1361206282041","54,4287324296044","60,7948919006453","65,098286092597","60,1320166064376"
Gohlis-Mitte,Abitur,"34,5414707161913","45,7517187476045","49,2031737259861","44,1441998623405","57,131445878876","56,4887143471997"
Gohlis-Nord,Abitur,"20,1450829920389","21,8323825666535","36,7373599954253","28,4997812775617","34,9534945278763","40,8703326681703"
Eutritzsch,Abitur,"30,3573616314026","26,7655342040664","34,3118862004215","38,4358376691509","31,6025649002029","45,1090043860011"
Seehausen,Abitur,"18,1170845535336","25,6611033822652","35,1301461878246","32,258723749782","33,4455453884877","25,808215137107"
Wiederitzsch,Abitur,"25,6307348952142","27,6775162495557","25,2650022255061","31,6030131216594","33,200918239885","33,4474033515052"
Mitte,Abitur,"49,7377940569022","55,4441713374353","54,0594997411584","56,8843823646271","60,1870797401784","59,3851399795398"
Nordost,Abitur,"19,1294667226857","19,1996278627451","20,7010336035625","23,3418255773911","27,1217947168222","25,4058937447764"
Ost,Abitur,"22,6307044488306","21,4048318677142","30,4696682254942","34,8251791518444","38,9307414621266","38,6347345574078"
Südost,Abitur,"29,4946160211808","34,255504578139","36,8047389265826","41,1545273136672","44,0832365057699","50,0609649647172"
Süd,Abitur,"43,3024105959417","41,8085934417776","41,8418551191599","50,3590839511238","45,0668743679566","50,6512849937479"
Südwest,Abitur,"36,372297485417","38,6892493261623","40,1775836044181","45,9469803426021","46,36236482021","47,0543660850947"
West,Abitur,"15,4419275331391","14,9568881764832","17,1201146421603","15,2184431938094","16,2980053446803","17,8638782155841"
Alt-West,Abitur,"22,8813955246159","31,8195154602736","37,2808071701204","38,5206165270194","43,6593817695786","47,273499362464"
Nordwest,Abitur,"15,7784429936176","24,5226586636918","27,0216708484032","21,4946751330225","27,8342133284372","26,7609044611677"
Nord,Abitur,"31,2968630180047","36,1498779526185","33,6332590550935","35,8424012976239","39,2474637794051","42,0856934814019"
Stadt Leipzig,Abitur,"29,627188294144","32,5639524566613","34,6142413770502","37,8703791171425","40,5500718320262","42,3821358244575"
Zentrum,Fachabitur,"6,52896062165039","8,09715988136855","4,56712977451156","5,59419279060574","11,3960546348532","14,7870886246352"
Zentrum-Ost,Fachabitur,"8,61373235708236","6,65725437212138","10,3199732536186","4,72006223101466","1,72189937142605","14,2307272968347"
Zentrum-Südost,Fachabitur,"9,65878122750872","7,44199758647466","14,4401117545025","8,97072281133707","9,93795005538151","13,7749918738829"
Zentrum-Süd,Fachabitur,"5,05789689453167","8,76835813904859","13,2759031710874","13,729983360996","9,83994279785276","8,88248284991572"
Zentrum-West,Fachabitur,"8,10429114239099","5,48431499049464","16,4192229204168","11,3792250726834","7,30333232658814","10,7286034063618"
Zentrum-Nordwest,Fachabitur,"8,44655712423859","9,51670474504854","8,89363242068616","10,5033758254437","10,9380333245354","9,15509791567075"
Zentrum-Nord,Fachabitur,"5,58366436243555","18,4097963935691","7,06835873318161","20,9846760327306","16,3086037917196","6,40557171848658"
Schönefeld-Abtnaundorf,Fachabitur,"4,93532913269949","2,57434246641359","4,89748591663776","10,9141563885385","10,1499590274038","14,9581904551908"
Schönefeld-Ost,Fachabitur,"9,65435799916084","6,2144219749356","12,451638431053","9,58961097007843","9,01002763617738","7,26405709025436"
Mockau-Süd,Fachabitur,"5,01564111699567","6,69050866900957","8,3086207780355","10,8954328868914","4,5645188567563","6,24477196634319"
Mockau-Nord,Fachabitur,"6,77035060126898","9,74837212909842","6,32528184570663","10,8751124998206","14,2486096384244","11,8811060873018"
Thekla,Fachabitur,"3,2842425015432","11,0669262670147","8,81093190433535","8,48710282522539","16,4977348516062","5,15056102555462"
Plaußig-Portitz,Fachabitur,"6,59501496775689","6,55025194316877","15,3441637279826","12,6353257232158","7,55036294889266","13,3103114843638"
Neustadt-Neuschönefeld,Fachabitur,"11,494744286492","2,40696920945358","5,82199152460759","7,90287775709556","13,8774397493564","12,4115618470736"
Volkmarsdorf,Fachabitur,"4,58750014388679","10,6966961929735","6,29533091425872","6,46266765091692","11,4435856006161","8,0254657357182"
Anger-Crottendorf,Fachabitur,"4,81687745359324","9,56677300647514","10,8315485599792","11,1837401099256","11,7275728819716","11,4161580064124"
Sellerhausen-Stünz,Fachabitur,"4,42861219806376","12,2402624454252","16,4219168966395","9,91544034720466","8,06362127661134","14,7419888423775"
Paunsdorf,Fachabitur,"2,90982644925323","4,70340859200056","7,72210524771312","7,12143057080505","15,0855006928742","6,96137555057008"
Heiterblick,Fachabitur,"6,80112264139555","9,01496526033004","15,6252252045383","12,0980212384034","10,7605838155204","9,88092905862825"
Mölkau,Fachabitur,"2,25815620749142","7,00645195036184","8,44008750297062","9,49022278964332","15,6140209969881","18,4705299759419"
Engelsdorf,Fachabitur,"5,548361048943","8,09429755316437","11,6007674541104","9,44402942417454","7,13702360519776","3,78685774548462"
Baalsdorf,Fachabitur,"4,53384829278392","5,69473434882079","13,2861148841544","8,15344805931659","10,852518935394","6,62155596154969"
Althen-Kleinpösna,Fachabitur,"8,54194227145378","3,49100736320271","11,7667204471514","12,0283248734969","14,2507037589005","10,9167220882026"
Reudnitz-Thonberg,Fachabitur,"8,38519729978147","5,15055880735961","9,3381577691406","11,0316748713447","10,5314107676868","4,4832374953871"
Stötteritz,Fachabitur,"9,55482418574082","5,6327203193527","9,30056110816242","16,8268132959631","14,1657647078797","8,55344938060491"
Probstheida,Fachabitur,"10,223782316167","7,87540311043762","10,035430232084","6,41694208290493","12,090440514494","5,27113941157615"
Meusdorf,Fachabitur,"4,54527708906875","9,34444941024279","5,44129981541444","15,3479411106229","11,1017029887243","10,2888410135057"
Liebertwolkwitz,Fachabitur,"8,50219507191291","7,45443472739021","11,7783494612763","11,7516956746049","11,1134442547062","14,461983364303"
Holzhausen,Fachabitur,"7,14702427577039","9,14043117188213","10,637714539655","7,83126882789003","13,1769913666532","12,872020466373"
Südvorstadt,Fachabitur,"5,39389879001681","8,53702013806557","14,2811760791396","11,1374785469277","14,0955523933568","13,6051244305315"
Connewitz,Fachabitur,"6,95716815026746","13,3382373523566","12,6563798044337","6,69741738834629","13,3991925117283","11,5429513669095"
Marienbrunn,Fachabitur,"9,23584844344575","4,51763948291046","10,8668334942729","7,79730081953382","5,93032485410497","11,0183137085697"
Lößnig,Fachabitur,"6,40517420199329","4,93187058698917","14,0982182776362","12,5674872178761","6,29040163104095","13,280506926537"
Dölitz-Dösen,Fachabitur,"13,5556751757783","12,4415088591542","8,18030798057112","13,01608758752","12,4170897652923","10,1488536575539"
Schleußig,Fachabitur,"8,47392031559595","3,49937218476695","10,9163268770801","4,86701581845689","16,735449127823","14,4996611714035"
Plagwitz,Fachabitur,"12,3328848488474","9,12803702979033","9,49103210001016","14,3533071055583","12,6797719776616","13,6808796867178"
Kleinzschocher,Fachabitur,"8,49792315219388","10,4411809367057","3,32202326391988","7,51311530210048","10,4910754928412","6,07355483972987"
Großzschocher,Fachabitur,"4,51715634017831","1,058969013748","4,00563974924449","9,73204019298878","10,5044381039276","20,69412876613"
Knautkleeberg-Knauthain,Fachabitur,"2,72437842888207","9,17289346383562","11,6731506273567","12,709378910557","13,6399211258562","8,14494596337538"
Hartmannsdorf-Knautnaundorf,Fachabitur,"5,70088608661531","5,30954924626675","16,4345652351442","12,5577854612417","9,51838638175125","13,3509854407244"
Schönau,Fachabitur,"4,45910947581503","9,42592403142355","14,4036511285922","16,1660938435894","13,8880731000843","15,4635529000643"
Grünau-Ost,Fachabitur,"5,00653161896116","3,42220348973275","11,1555866346005","7,69460063293674","12,573009303619","8,49157386014688"
Grünau-Mitte,Fachabitur,"10,0463891932447","5,02430021408526","4,44870934217609","15,2674900821316","8,99080053024311","9,94652340093333"
Grünau-Siedlung,Fachabitur,"6,4827534783599","6,39042102384825","10,5338690885339","7,34998960874191","10,2290551474489","14,8961906293804"
Lausen-Grünau,Fachabitur,"3,35362862650498","5,996067100311","13,3481596406108","7,30300288012365","10,9796943073925","11,1815595406132"
Grünau-Nord,Fachabitur,"5,50054467473449","0","10,5630691750294","16,5955722267936","15,1366176708421","12,5619467093606"
Miltitz,Fachabitur,"9,72884416058053","4,53447370440775","13,1902021730997","12,7516813101209","14,5651463775149","14,6525973337092"
Lindenau,Fachabitur,"2,09610657681758","7,18479633240158","12,6554118789562","5,02534358845038","9,92447624392068","14,8594568839495"
Altlindenau,Fachabitur,"7,98742792081795","11,3705412616442","9,814358667366","5,82421767016608","9,48177241628661","10,9186654038626"
Neulindenau,Fachabitur,"6,85501768438379","7,08940154923239","10,1470436411368","9,11638280232874","11,1058515312081","12,6783634113186"
Leutzsch,Fachabitur,"6,37938580345852","6,96959323354434","6,82559602036146","20,6572564649956","14,5725090552381","9,16644658605061"
Böhlitz-Ehrenberg,Fachabitur,"3,19013913288547","7,84587125928245","15,0167381667398","13,5368166812542","11,3661007787685","12,2463276551904"
Burghausen-Rückmarsdorf,Fachabitur,"3,120316809236","10,7238050853298","7,87907021871811","9,32194347160775","12,7460315606034","14,6506244964783"
Möckern,Fachabitur,"8,61694686901646","15,8291750090845","11,1507900589149","13,4933396286197","8,75569699278353","9,98139295296382"
Wahren,Fachabitur,"5,06191473572088","7,08572425239775","12,4219723795961","9,1501011901053","4,77854353225141","16,3946362270568"
Lützschena-Stahmeln,Fachabitur,"10,8408116204158","7,28110238591791","12,1168440528572","8,07680913983558","5,49666226025432","8,33001579249684"
Lindenthal,Fachabitur,"6,48564254140472","5,94887208677184","8,43483084205047","10,925866947772","13,0851234183172","12,8253997701998"
Gohlis-Süd,Fachabitur,"9,51930501401364","10,7526418511732","13,0060735858547","9,30944835385294","12,7294966480577","9,00119555932806"
Gohlis-Mitte,Fachabitur,"10,8984593364442","2,38129471626183","14,0358656590818","16,638485823063","10,1158334236497","14,770720210278"
Gohlis-Nord,Fachabitur,"9,02879318157452","5,13062421825366","7,4870046669691","10,9705311590361","11,1201428562181","14,9173132934606"
Eutritzsch,Fachabitur,"4,88138280665584","6,11341795806083","9,10784861918328","7,89950406649025","17,5945391678969","11,2045861694372"
Seehausen,Fachabitur,"2,09202340171663","9,09110785190685","15,5855250353116","8,50826439552129","7,58652721319156","19,2677652813401"
Wiederitzsch,Fachabitur,"10,5995541919443","9,51760847827995","8,73583189128519","9,35532859149524","20,5143173035643","14,7229266993239"
Mitte,Fachabitur,"7,69851487482719","8,0991181445781","12,2915899662546","12,3018478982475","10,1018603170551","9,76512837625826"
Nordost,Fachabitur,"5,50039262622922","5,72685185121162","6,00886636210036","9,03904089479821","9,85174374296452","7,9207754337667"
Ost,Fachabitur,"5,86499733730519","7,1454005772699","9,78621661555936","7,81684123816311","10,6007188192224","8,97714459422784"
Südost,Fachabitur,"9,03888424953676","6,45905849973435","9,12641855616028","11,2582195772905","10,6061187490586","9,73834377468463"
Süd,Fachabitur,"6,24423573356251","10,0038568392317","11,9135467620715","9,02144552943666","12,1467648882504","10,0340045455506"
Südwest,Fachabitur,"6,53289451215552","5,91165724014694","7,41216883652018","11,6664653027793","10,586414156178","10,2849734300026"
West,Fachabitur,"5,99211717344259","4,95115444387054","7,98225269516592","10,1994774967885","8,82565632439341","9,15484549532228"
Alt-West,Fachabitur,"5,59769743235456","7,20439743198544","8,90864364589399","9,58778169449725","8,88151562889192","11,3596668095019"
Nordwest,Fachabitur,"9,9871107115613","9,55429797103807","8,83416610229734","10,1356277420749","9,00962420701793","11,1411808855294"
Nord,Fachabitur,"9,09514861013056","6,75861392896981","10,2585095528154","11,512368394015","12,2804144805595","9,32606358123723"
Stadt Leipzig,Fachabitur,"7,06655765135927","7,1285178701181","9,43184537394167","10,2415543458906","10,4366821964336","9,72745243105461"
Zentrum,Realschulabschluss,"27,0211162369749","22,9440822923226","15,4982851390789","17,6784100166144","15,5125845294919","13,8555041703305"
Zentrum-Ost,Realschulabschluss,"26,4362281045864","28,4875942425672","26,1534629100708","20,2822348115579","19,8444982682059","21,8706909465419"
Zentrum-Südost,Realschulabschluss,"31,2229394704912","20,7961667195448","18,7499767625244","19,4770153917251","14,9408719298799","16,6889273642014"
Zentrum-Süd,Realschulabschluss,"19,2327316027411","21,5966766217202","16,0747872841996","20,3529848541569","14,5580119038366","14,7680466088797"
Zentrum-West,Realschulabschluss,"31,5474668199827","32,703998898206","15,2369110781081","11,6158840398102","18,1812818963982","17,3190392782335"
Zentrum-Nordwest,Realschulabschluss,"27,3420663590312","29,729366100842","18,3208417776071","17,5190167862717","7,19362222908638","12,5591473259068"
Zentrum-Nord,Realschulabschluss,"29,0613405012884","19,1467398690822","27,325470104804","18,8310841534564","18,1939130717807","14,7959511017098"
Schönefeld-Abtnaundorf,Realschulabschluss,"46,9114943818139","65,1977771444745","48,5111293205828","30,6116495098487","32,1226789840338","39,3928846044288"
Schönefeld-Ost,Realschulabschluss,"41,3772044921012","48,2322200402267","35,4934029265339","36,5543534125931","41,6483979437294","32,6183658982097"
Mockau-Süd,Realschulabschluss,"55,2194349836058","44,0555718909507","44,4480384599934","46,9414826838929","42,0611364789447","39,4630340568987"
Mockau-Nord,Realschulabschluss,"46,4757582777636","45,8597551943921","43,1402695179036","46,499254677592","43,7239674258464","47,6600379764278"
Thekla,Realschulabschluss,"54,00512904953","45,8909929213681","44,2532290506889","43,1498140626556","33,6146781489163","42,8609431299836"
Plaußig-Portitz,Realschulabschluss,"48,2661085676194","45,9371039423869","44,7902042415073","48,675680002969","45,1740788292664","37,7443618792017"
Neustadt-Neuschönefeld,Realschulabschluss,"35,0759833691713","25,709413418533","19,4959736987","33,4032868257916","17,5489912137333","7,61525147844399"
Volkmarsdorf,Realschulabschluss,"35,6904509282023","30,6346938044988","21,2611758367596","22,1612031050281","15,689253828065","15,1171489498354"
Anger-Crottendorf,Realschulabschluss,"43,4238764526699","31,5786038552415","31,7012619676259","34,5874722434027","23,1414902378798","18,5012634829477"
Sellerhausen-Stünz,Realschulabschluss,"36,8204623694054","44,516296883608","38,1237155774764","36,0005110263478","32,5750833193718","29,0568305474442"
Paunsdorf,Realschulabschluss,"46,9263889911993","63,3599831034173","42,3350675990573","53,8568422921371","38,7101110836044","43,9058680691699"
Heiterblick,Realschulabschluss,"48,4501573132052","52,6857731083768","54,2260443476082","49,1635104137027","48,1323864956224","45,8616307225051"
Mölkau,Realschulabschluss,"43,7490481573353","42,80877111671","41,7798680788119","43,1764224559624","25,8650998725394","28,6908814934032"
Engelsdorf,Realschulabschluss,"50,06531485897","51,6454771854476","49,9657297116049","47,3397253002375","43,0005512209518","44,3124285426482"
Baalsdorf,Realschulabschluss,"46,4491852890727","53,2382657251314","32,5189168553942","36,3245001785224","35,8578530549773","45,7936237805564"
Althen-Kleinpösna,Realschulabschluss,"55,194579929775","56,0317326864951","44,4733613039081","55,886382298014","43,8038661399317","61,3045857514192"
Reudnitz-Thonberg,Realschulabschluss,"31,1303368062605","32,2594039872604","25,2656989889869","25,7361707098729","22,5391580199279","16,8644303764746"
Stötteritz,Realschulabschluss,"40,6203684438921","33,8730285400316","30,8749732766303","32,1744202510138","27,766731575815","29,5037590694836"
Probstheida,Realschulabschluss,"48,7527058164505","41,7346851198111","34,1802961866442","44,7476672786168","27,0516015776192","35,4220831114044"
Meusdorf,Realschulabschluss,"48,323209219764","40,7955223752905","54,3081923236985","44,7520982389556","52,2738087247533","43,8090945395372"
Liebertwolkwitz,Realschulabschluss,"53,925635115878","47,0475603208261","37,4358187772822","63,23377428812","52,113155633539","41,1401774228105"
Holzhausen,Realschulabschluss,"37,8943964788562","43,8071961581675","39,3447801839992","37,9540506546639","35,3683831029844","35,2382728074585"
Südvorstadt,Realschulabschluss,"30,1591517191489","28,9174346539791","21,8825801566817","16,9630142936669","20,3943849231745","8,43242495488571"
Connewitz,Realschulabschluss,"32,2354735906518","30,8854846391825","26,9743044804292","29,8320612359277","22,8939330269912","22,3958795103572"
Marienbrunn,Realschulabschluss,"25,2583806655536","47,7966101095033","33,0153837247426","35,5589840011011","33,7711813761951","27,2887516397225"
Lößnig,Realschulabschluss,"45,7179771857832","54,8929234850413","34,2946018360856","32,7113258601069","40,4004680476918","35,672952959296"
Dölitz-Dösen,Realschulabschluss,"41,0985772400513","39,5983692070839","49,6992900197486","32,5472616134601","37,1723576987773","31,1780665348639"
Schleußig,Realschulabschluss,"29,7037911310149","33,5974669650611","14,7943535030788","12,6154446735892","8,1439410129447","13,2886317694472"
Plagwitz,Realschulabschluss,"27,6462074570474","27,1718228056841","17,8784254030151","16,7103712593856","16,8580446727163","23,5676832608683"
Kleinzschocher,Realschulabschluss,"39,766639053751","44,5427365583136","43,7923939125382","38,1482609115786","32,5071015340681","30,2728555867377"
Großzschocher,Realschulabschluss,"48,5645646640801","57,8502296975874","40,382398684201","38,0283073805828","46,9352618020132","38,5555375778705"
Knautkleeberg-Knauthain,Realschulabschluss,"43,5666205302297","39,9961349845849","35,7090646803271","31,7870054694058","34,5720891110725","32,8517999011057"
Hartmannsdorf-Knautnaundorf,Realschulabschluss,"54,6027391234929","47,1697272810897","41,7796640927692","41,5501034148886","49,498918340528","43,8628003099101"
Schönau,Realschulabschluss,"47,2815906475869","46,5519890963718","45,5628000391115","42,8559783948952","41,5024698764922","43,0745929125005"
Grünau-Ost,Realschulabschluss,"55,900888308407","50,0204739407691","48,4483381357386","45,6227236512928","48,6588019017534","54,8621074633744"
Grünau-Mitte,Realschulabschluss,"41,369474669547","50,4751570843192","49,0214572024065","43,0457205056667","47,1329613541852","41,2132563213327"
Grünau-Siedlung,Realschulabschluss,"40,4940354656345","39,6315859329581","37,1985445406228","44,5151753061982","36,7534958857085","38,0130067554516"
Lausen-Grünau,Realschulabschluss,"52,5658591718379","49,2248420044239","44,1387836732191","50,0153500306561","47,2062909480873","48,9555479260452"
Grünau-Nord,Realschulabschluss,"43,7849204591769","56,3841604020915","43,0170742765199","54,7194662923846","44,4992892476837","45,7982210880154"
Miltitz,Realschulabschluss,"47,2376477830117","54,7974936576255","41,7819249765724","46,9140496902307","39,8471634083664","41,8425006617729"
Lindenau,Realschulabschluss,"41,2347252961878","39,5984620966295","21,3326631777712","15,2494829306275","13,1708380097269","16,4648352672951"
Altlindenau,Realschulabschluss,"42,5464543148714","40,7076180698894","32,8880357863692","20,4006992683788","27,5309172982736","18,4067053257378"
Neulindenau,Realschulabschluss,"44,9106991509749","47,7523280511327","42,728708216076","43,3357700258949","45,1444319107419","43,7648114982875"
Leutzsch,Realschulabschluss,"51,0755193181923","47,3952479452213","39,4612085766909","36,051598967287","30,8319412402465","28,2361310358927"
Böhlitz-Ehrenberg,Realschulabschluss,"51,0284319127833","47,0649024302964","37,4330730607133","39,237724204513","38,8303806507905","40,6580371009982"
Burghausen-Rückmarsdorf,Realschulabschluss,"48,0853305939148","42,0930860457867","43,3359312738247","45,543293936041","40,5678024703879","48,751488202512"
Möckern,Realschulabschluss,"49,5093891297448","48,573107940764","30,5362470261117","43,4734400937586","39,6970856422566","36,7441981241738"
Wahren,Realschulabschluss,"41,5601839600315","49,9018532308608","38,311891327179","49,5564830368063","37,567638981545","39,9821218622306"
Lützschena-Stahmeln,Realschulabschluss,"50,805323653486","49,3158548688264","48,6996910094736","48,3380635884861","35,1632541799499","41,6887090343677"
Lindenthal,Realschulabschluss,"47,6766599880528","51,5800084230684","45,9815504543024","45,9123221342298","47,1766688017501","54,7111740058537"
Gohlis-Süd,Realschulabschluss,"33,1065944672931","29,203095521382","26,981452239068","26,5230940371455","16,9794765164464","26,1894385635842"
Gohlis-Mitte,Realschulabschluss,"38,3381514114959","41,6376900571278","27,5452327776591","34,9452341128768","22,1869428283671","22,8256677855287"
Gohlis-Nord,Realschulabschluss,"40,6001467772579","40,1056169089627","35,8432253849825","46,1878079387308","33,0943102263087","28,9418900287496"
Eutritzsch,Realschulabschluss,"42,011747223878","42,9910653975844","34,7749385471172","43,3611103068193","46,5512913967169","33,9890245364004"
Seehausen,Realschulabschluss,"64,7975606408203","49,9047990541169","38,9398800063088","48,9997014563374","46,7044534449457","50,2921431524873"
Wiederitzsch,Realschulabschluss,"46,4225537449776","51,785564206204","57,7294034145764","46,117053562893","39,7507402972602","41,9988533502999"
Mitte,Realschulabschluss,"28,3019323635353","24,0733778752344","23,4832650557282","21,0451731092555","21,6986097983602","23,3608526519539"
Nordost,Realschulabschluss,"47,9479866882234","49,8675502449828","48,0424945385512","43,6149562011514","39,0590002009925","49,5497621214224"
Ost,Realschulabschluss,"44,9973170184613","44,3383355649748","41,3277919195619","40,0200123668725","32,6369081537967","34,0669899149409"
Südost,Realschulabschluss,"41,5110334948122","38,3233930941964","38,7920926625215","35,6550641161077","32,9071429709594","30,8673873638707"
Süd,Realschulabschluss,"34,4115331672561","34,0573874869351","34,9150284816271","27,8683693800165","30,0719030109593","26,773647506185"
Südwest,Realschulabschluss,"33,2623606383306","36,4652098460133","34,4093806829306","29,563404376598","32,572618353189","31,9177486519939"
West,Realschulabschluss,"43,6718721078424","51,0453491017217","45,543373443919","47,0659030487765","49,2566056968314","51,2235918910362"
Alt-West,Realschulabschluss,"46,3266824264807","44,0330367883485","40,6703484705577","36,2539264777917","36,5623159840577","32,2245580919364"
Nordwest,Realschulabschluss,"46,9491294704268","49,0662365885888","44,8376379519621","49,1547044968112","44,5590871258879","50,8318086988624"
Nord,Realschulabschluss,"40,8818817771214","40,1001608298438","40,4526275066915","41,3027720566454","37,4961184316698","37,8699566728376"
Stadt Leipzig,Realschulabschluss,"40,5061270177712","40,4374372802419","38,8108102307475","36,2035906069274","34,5128189039924","35,2953554424306"
Zentrum,Hauptschulabschluss,"13,8650720852492","10,8047857850435","10,5990579962844","11,4094973959065","2,86925295557293","3,40028742838348"
Zentrum-Ost,Hauptschulabschluss,"9,54774142010081","9,3859588738865","6,16445091252361","2,65525165406896","5,31263594409033","2,75360302675861"
Zentrum-Südost,Hauptschulabschluss,"14,7621714599862","11,0458651209137","9,68609448754982","5,03444322644634","6,01850262935206","4,52326544717944"
Zentrum-Süd,Hauptschulabschluss,"10,6328963088925","12,3642628699207","6,85221753421969","4,37734266169704","6,99711972382137","6,65303792332118"
Zentrum-West,Hauptschulabschluss,"9,15443321253994","6,47406040801814","3,17903637904672","8,87390953283277","4,57948253297091","6,29757777982103"
Zentrum-Nordwest,Hauptschulabschluss,"5,68063197203326","3,42563948696848","1,01753551032362","7,28351690706458","0,778274548766353","1,86820390598518"
Zentrum-Nord,Hauptschulabschluss,"13,9814942616005","11,4254145339295","11,2815773532497","5,02367769843062","1,84319599028186","7,76491004517153"
Schönefeld-Abtnaundorf,Hauptschulabschluss,"23,441219086034","13,4702695285198","12,5677761513675","12,4171495671563","14,3298072302728","8,4104981037098"
Schönefeld-Ost,Hauptschulabschluss,"34,7033304381874","27,1543707480503","28,7659066047711","24,3655963938464","27,3206623841267","19,9855142987743"
Mockau-Süd,Hauptschulabschluss,"23,8325178118936","22,3599099394471","18,5771757600681","13,685729482839","19,0569809862047","9,05730972909376"
Mockau-Nord,Hauptschulabschluss,"29,6788907455363","25,0698036755534","22,0208380655736","22,2146955172348","19,4094198743292","9,57196265292956"
Thekla,Hauptschulabschluss,"22,9955380175574","21,2206618273948","13,9829571624225","16,466378849402","11,8220355546905","14,3698746500384"
Plaußig-Portitz,Hauptschulabschluss,"19,9686852808185","18,0538813969609","11,0864104537312","10,1369811700641","11,2275695177713","6,76346130202419"
Neustadt-Neuschönefeld,Hauptschulabschluss,"16,9617705419141","17,7776037833606","7,77818376913446","5,22822738728647","4,95809902549647","8,51041917545565"
Volkmarsdorf,Hauptschulabschluss,"21,7126349410286","25,2464345323691","18,6267378808758","10,7429310240555","7,66056402082388","8,50419916726614"
Anger-Crottendorf,Hauptschulabschluss,"18,3531819937636","29,49416953736","12,6883103237074","6,08740685352155","10,8970157890436","6,00644347694625"
Sellerhausen-Stünz,Hauptschulabschluss,"34,4419029861442","26,9805004583357","22,2342101657761","16,7104721085502","22,8892491545983","13,9082520994605"
Paunsdorf,Hauptschulabschluss,"35,256125837236","16,1047579483377","15,4320975327932","17,9536888611386","19,9746678396601","10,6768348375757"
Heiterblick,Hauptschulabschluss,"24,7106846389519","15,3432104642085","11,9797605486737","11,6408932353964","11,3679418699601","12,9384781633561"
Mölkau,Hauptschulabschluss,"22,9694062089309","20,6984271108985","14,3489478753322","8,10199803925291","11,2860539576866","11,3845896408003"
Engelsdorf,Hauptschulabschluss,"19,4412804417314","23,1309957295042","13,1662096582913","12,2814990434796","9,21672916641234","12,692582697181"
Baalsdorf,Hauptschulabschluss,"8,45128811081014","8,10580642060741","7,74215813853348","7,58122767442128","6,87811464916286","3,58771793539308"
Althen-Kleinpösna,Hauptschulabschluss,"16,0539507380287","11,6831889863658","13,7774862257612","14,7713769179512","6,41686182669789","2,37584352697673"
Reudnitz-Thonberg,Hauptschulabschluss,"17,9233651111543","13,5873880150309","10,6238586354406","4,56077126704502","8,67600155025013","4,184631336357"
Stötteritz,Hauptschulabschluss,"17,281698338169","20,270510516577","9,40581868159372","8,07597347338873","6,19153436592248","10,4883153738147"
Probstheida,Hauptschulabschluss,"19,3040735983329","18,7019243306363","15,2542592687375","10,805706608984","6,84526481605235","8,1441443238925"
Meusdorf,Hauptschulabschluss,"26,2233639259207","20,9769431033678","21,2979132656117","15,9852226091046","12,7289014430445","9,9569023599969"
Liebertwolkwitz,Hauptschulabschluss,"20,8127769764001","19,9635048998761","14,6497083082449","12,2966505731322","9,46274006494396","11,4659390956776"
Holzhausen,Hauptschulabschluss,"27,1654570141182","23,4974488767964","15,5243261939095","8,75704415120585","8,80819706733584","8,22250921984151"
Südvorstadt,Hauptschulabschluss,"9,26032469609084","6,06662961926185","6,19837305994935","1,46143818333511","2,44695013778983","4,6421280085631"
Connewitz,Hauptschulabschluss,"13,5634511553523","9,80519144190445","9,87907219259786","4,05747558557301","10,4259238650758","5,82500736786396"
Marienbrunn,Hauptschulabschluss,"25,0774610257593","14,4307921661887","15,2509834978904","11,8247038557096","10,555324046297","9,42130281113883"
Lößnig,Hauptschulabschluss,"26,8304215117155","17,4950504629569","17,2987422066553","18,4801013188536","19,5250876773799","14,0406335801315"
Dölitz-Dösen,Hauptschulabschluss,"17,6293838292523","12,6436388131483","9,30719579252338","13,4771056429301","9,7810321315344","11,1042824955622"
Schleußig,Hauptschulabschluss,"9,19864399316884","1,31174294473189","2,29377643435741","0","1,64030882050562","1,66304160553738"
Plagwitz,Hauptschulabschluss,"15,6103971325709","12,0535442305768","12,3382349566468","5,90569692169479","3,09777941356889","2,34170811669946"
Kleinzschocher,Hauptschulabschluss,"27,621327569837","21,4793840058915","22,9042109532042","11,8768471642389","7,03562706289005","4,553670263343"
Großzschocher,Hauptschulabschluss,"30,2058898529058","20,6545442811043","29,2188548151994","25,4955988374287","14,2867695697293","10,7508430701811"
Knautkleeberg-Knauthain,Hauptschulabschluss,"19,1182448040091","22,4345087474481","13,3794317398816","13,7604697701156","7,19178267814207","8,3105787341723"
Hartmannsdorf-Knautnaundorf,Hauptschulabschluss,"23,7921559642879","20,3295656661085","12,300288542678","14,3452540433875","8,71543346714468","7,81639868343964"
Schönau,Hauptschulabschluss,"26,7586717641019","26,6331626539439","19,2080991372331","12,8689582076241","10,9246535587318","10,3568257766059"
Grünau-Ost,Hauptschulabschluss,"27,2253994931225","31,9294945709887","18,9134184204523","25,4826497565423","17,9726516380055","14,707810346139"
Grünau-Mitte,Hauptschulabschluss,"33,6050229430377","30,2881647333949","27,5088693339025","20,3350035533406","17,5194425211154","23,0871448546881"
Grünau-Siedlung,Hauptschulabschluss,"25,0058373211378","17,7413271376209","17,2665678321005","19,0783498567519","13,8001014403349","7,89746156027165"
Lausen-Grünau,Hauptschulabschluss,"24,7034530538105","22,0747428407743","17,2803053939059","20,1894037499903","20,2144300731443","9,84084004148025"
Grünau-Nord,Hauptschulabschluss,"37,1581089366367","33,2101146357343","13,6197578613838","13,6560353324455","19,8069565293121","15,9889985544166"
Miltitz,Hauptschulabschluss,"16,0734973586786","16,4021660315721","7,61213850774621","16,1986165250574","10,8227453621241","4,57204233295447"
Lindenau,Hauptschulabschluss,"13,9969495515928","8,88215361248293","5,66209108881347","6,18952500403701","6,00441451552562","1,26975483889119"
Altlindenau,Hauptschulabschluss,"19,6597690315726","6,80991224960981","3,65184629875248","8,75703594179204","5,72950927535111","2,84245222981968"
Neulindenau,Hauptschulabschluss,"28,9472533971563","21,4512199918408","17,6313779251702","18,8707445182298","11,0939859906909","7,5633764350593"
Leutzsch,Hauptschulabschluss,"20,2477016739893","19,8055229222868","7,1319721135559","5,08143283653245","6,90073937134762","9,81936526495155"
Böhlitz-Ehrenberg,Hauptschulabschluss,"22,9878715721505","17,5310066995232","12,0473826844122","9,3192010197981","10,6439374501124","11,2986317500773"
Burghausen-Rückmarsdorf,Hauptschulabschluss,"23,8129157247713","11,9721400582872","10,3057305179144","15,7879190883829","7,99869344354875","7,85218557096494"
Möckern,Hauptschulabschluss,"21,4930098502354","16,8690329275157","17,143202714668","11,4819995971043","10,8147959015284","12,5924493658847"
Wahren,Hauptschulabschluss,"23,5557804165241","19,220446116351","10,7053768138663","16,5906540210663","10,6799683591652","10,5639339964154"
Lützschena-Stahmeln,Hauptschulabschluss,"14,9920974857458","14,4984681432576","10,4653117368458","13,3488208740823","11,9485672887392","11,1884353405134"
Lindenthal,Hauptschulabschluss,"25,3534617875488","12,6636155221336","15,1225144014745","14,721297697263","9,19615549689684","6,10005796620118"
Gohlis-Süd,Hauptschulabschluss,"13,00191664046","7,88667925933422","5,58374174547294","1,57298960032002","4,32158520959454","3,683890594515"
Gohlis-Mitte,Hauptschulabschluss,"14,9251838357731","9,62650553027375","7,29489097247557","4,27208020171968","10,5657778691072","4,76812385894396"
Gohlis-Nord,Hauptschulabschluss,"26,6611309373132","30,5863012486789","19,0807950689821","14,3418796246714","19,439635972054","12,8447478269596"
Eutritzsch,Hauptschulabschluss,"22,7495083380635","20,9973558938671","18,4398273703","10,3035479575396","4,25160453518331","6,91708432971973"
Seehausen,Hauptschulabschluss,"13,0074711412145","14,4152017683586","10,344448770555","9,22170934731231","11,3035930884601","4,63187642906559"
Wiederitzsch,Hauptschulabschluss,"15,7974900964626","8,89977556952005","7,45217779054603","11,4109120735907","5,43195099707145","6,37992798149307"
Mitte,Hauptschulabschluss,"12,4951226402814","11,6716845814634","9,01630402978767","8,94378624539855","6,34789577542273","6,10464174564418"
Nordost,Hauptschulabschluss,"27,0339941546682","23,1828835491694","23,6091398396274","20,4185778373006","21,5102906417992","15,6598178825212"
Ost,Hauptschulabschluss,"23,985434437517","24,9445023074476","15,3535451041557","15,1209774788828","12,9891472333299","14,4113161281105"
Südost,Hauptschulabschluss,"18,6326304438396","18,5416223117083","14,0708154567939","11,3936599202125","10,1577867065319","7,29426233630192"
Süd,Hauptschulabschluss,"15,2364934877497","12,7460730490561","10,2392003334302","11,5112310250776","11,2539207419716","9,66074889020427"
Südwest,Hauptschulabschluss,"21,8569987437715","17,8424591438798","15,3127103034554","10,0644290053157","8,16627085008743","8,87131076417451"
West,Hauptschulabschluss,"32,3333206540166","27,2981832843918","23,1259276800216","24,0335442110176","24,1639513607618","17,6744862067061"
Alt-West,Hauptschulabschluss,"22,803002325298","16,2872241345544","11,5615985844425","13,3782601157555","8,11306217713669","6,142642105963"
Nordwest,Hauptschulabschluss,"24,0159780592925","15,6486290667321","17,8218097146675","17,859935254193","16,5924247555","9,3291486418765"
Nord,Hauptschulabschluss,"16,9529108148001","15,0118038413922","13,4204607818151","9,98736552712996","10,4738164459538","8,92882129134112"
Stadt Leipzig,Hauptschulabschluss,"21,0134494321661","18,262493946736","14,8982344130573","13,729088384747","12,2466345904509","10,1368066465857"
Zentrum,Ohne Abschluss,"1,33844792266137","2,26058881420591","4,4106995504359","0,90330074036215","0","2,69233307541186"
Zentrum-Ost,Ohne Abschluss,"2,27759387182744","1,34999032206929","1,03248898678414","1,0191174755826","0,88978362429309","0"
Zentrum-Südost,Ohne Abschluss,"1,44803254798071","7,17489372104299","0","3,11483257114319","1,205170705831","0,840301943703642"
Zentrum-Süd,Ohne Abschluss,"1,4955621679413","0","1,32618012283955","0","1,52252676034323","0,950433989045883"
Zentrum-West,Ohne Abschluss,"0","0","1,30927294802765","0","0,598006644518273","3,19330697012302"
Zentrum-Nordwest,Ohne Abschluss,"1,37625776420551","0","1,81074362012274","0","0","0"
Zentrum-Nord,Ohne Abschluss,"4,31387368116163","1,89095765081036","0,797127786888879","0,5084070290978","2,92185640875115","1,13462421871986"
Schönefeld-Abtnaundorf,Ohne Abschluss,"0,940154631400026","2,29587847616209","0","1,23571890073481","0","2,49639879350244"
Schönefeld-Ost,Ohne Abschluss,"0","1,2487797270586","0,864152099651676","0,922131147540984","0,6913419710205","4,48820720518247"
Mockau-Süd,Ohne Abschluss,"1,90911898548883","1,93748291036436","1,42448982865803","2,51799619000317","3,71511922881786","6,90729278005059"
Mockau-Nord,Ohne Abschluss,"1,31800336310386","2,47202701870388","0","1,17762454592897","2,0733461700197","1,52323089493557"
Thekla,Ohne Abschluss,"0","0","1,38150439402908","3,81213251556731","3,16055210363645","0,828401672412694"
Plaußig-Portitz,Ohne Abschluss,"0,541851432969184","1,52483720972121","0,774443053164294","1,7020543502313","0,816826984201626","0,949866124908775"
Neustadt-Neuschönefeld,Ohne Abschluss,"3,8930348558318","0","4,16570840235544","0","0","4,21158547523821"
Volkmarsdorf,Ohne Abschluss,"9,62789592164965","5,36951734453477","4,09177242524541","2,40616918596442","6,60202706912073","6,94088578676278"
Anger-Crottendorf,Ohne Abschluss,"3,90133265290698","1,29675998885846","1,38858123823236","0,520043782013514","0,730771111116932","2,36313692105184"
Sellerhausen-Stünz,Ohne Abschluss,"2,97438771512236","0","1,38375119879435","5,28399090460509","6,37367979504028","1,25983937464918"
Paunsdorf,Ohne Abschluss,"0,856033934132295","3,01632173503563","4,82793052310284","1,46270700301247","7,77000893585721","4,78392441551518"
Heiterblick,Ohne Abschluss,"1,55641476446227","4,09858108457773","1,00209812820531","2,74074464385453","0,886193750727584","1,47649964870757"
Mölkau,Ohne Abschluss,"0","0","0,586521558630263","0","1,61434573085472","1,46398418893307"
Engelsdorf,Ohne Abschluss,"0","0,638930039895387","3,42829140011586","0","0","2,33285859675266"
Baalsdorf,Ohne Abschluss,"1,05859814824359","1,63181870195399","0","0,880765161649119","1,646232763738","0"
Althen-Kleinpösna,Ohne Abschluss,"1,03037816208624","0","0,76164500983811","0,686757771906441","0","2,97175165620212"
Reudnitz-Thonberg,Ohne Abschluss,"2,27102878996013","4,09629178087109","0","0","0","0,926115903015178"
Stötteritz,Ohne Abschluss,"1,01066545219398","0","2,03944094879983","0","0,689941916341241","1,69789089519702"
Probstheida,Ohne Abschluss,"0,802417060336922","2,2911387740306","0","3,58721913926236","1,1201503107682","1,36082587847581"
Meusdorf,Ohne Abschluss,"4,69366585573276","0,71153922598893","0,696502642316076","0,596709223731822","0,878133012855277","2,19171063929678"
Liebertwolkwitz,Ohne Abschluss,"0","3,62687009279824","3,09355919112016","0","3,45710040848424","0"
Holzhausen,Ohne Abschluss,"0,534729526162506","0,545541420458479","2,90710922698778","1,51438584082741","1,04995856952714","0"
Südvorstadt,Ohne Abschluss,"0,586841961032443","0","0","0,643014074246166","1,08724255670821","3,30122434330031"
Connewitz,Ohne Abschluss,"0,560097857273567","2,22629628977221","0","0,846699071143335","0,850109039147144","2,9696223500271"
Marienbrunn,Ohne Abschluss,"1,79830102478278","0","1,79761075541731","0","1,09246805949072","2,67300134705844"
Lößnig,Ohne Abschluss,"0,747421582947161","1,82243533474395","0,586126250190216","0","2,70182582042495","2,68443701947824"
Dölitz-Dösen,Ohne Abschluss,"1,99423625883394","0","0,812663134228485","1,43469878220378","1,58815862160105","0,980670747552008"
Schleußig,Ohne Abschluss,"0,342823597911657","0","0","1,55095013151362","0,739407919604721","1,91354419478996"
Plagwitz,Ohne Abschluss,"2,65074988072943","0,339709153594083","1,35437941535352","3,27295550656046","1,85477493591529","1,41509923702791"
Kleinzschocher,Ohne Abschluss,"2,7374882616849","4,76220756208575","0","0","1,74838540162536","0,774383432436827"
Großzschocher,Ohne Abschluss,"0,780250145510643","1,46694947869139","2,09173805015751","0,670110299668796","0","0,822415364853015"
Knautkleeberg-Knauthain,Ohne Abschluss,"1,93209947344489","0","2,1685523445014","0,970262096774194","3,21697150113411","1,09352914009001"
Hartmannsdorf-Knautnaundorf,Ohne Abschluss,"2,27286652843469","0","0,728366104401638","1,41619566465507","0","0,82297680542675"
Schönau,Ohne Abschluss,"0,914005946484938","0,985680811417939","0,888192871747101","1,61567413644236","0","2,72043772244505"
Grünau-Ost,Ohne Abschluss,"1,81678808742212","1,6289763194242","5,21455350305113","1,43459604395986","2,76715826042656","0,639246935975259"
Grünau-Mitte,Ohne Abschluss,"2,71862188241888","3,22485269885111","6,8538646486996","1,37712830965082","3,57099053010062","5,48189065495278"
Grünau-Siedlung,Ohne Abschluss,"0","0","0","0,985765294665244","0","3,22685998236779"
Lausen-Grünau,Ohne Abschluss,"4,5565515439019","0","2,21620349621651","2,51868092933981","0","3,78552034542235"
Grünau-Nord,Ohne Abschluss,"2,51910750930512","0,658423939758646","5,11940065553301","0,793776192733374","0","2,41515688020499"
Miltitz,Ohne Abschluss,"0,59576322264514","2,63334545857053","2,82072067352388","0","2,06379798669085","5,99519546973932"
Lindenau,Ohne Abschluss,"1,0194753421823","3,80706621258368","2,19756594630704","1,81727929709534","0,959034792368125","0,506715932087578"
Altlindenau,Ohne Abschluss,"2,62655107405463","0","0,536301251369587","6,08538950893642","3,2577758683013","4,20751725971316"
Neulindenau,Ohne Abschluss,"3,08524789521037","2,25434215626647","1,00262455025519","0","0","1,5563892628546"
Leutzsch,Ohne Abschluss,"2,41412718800089","0","2,16493671912903","0","0,969966642484018","0"
Böhlitz-Ehrenberg,Ohne Abschluss,"1,13666230508455","0","0","0","4,11093344886868","3,62964316817897"
Burghausen-Rückmarsdorf,Ohne Abschluss,"1,44498106417312","6,8050635142418","0","0,638664696856659","0","0,82021496024476"
Möckern,Ohne Abschluss,"0","0","2,71138252947973","0","2,32030062221584","0,937967580587029"
Wahren,Ohne Abschluss,"3,47900057863596","0,487117513440818","3,7622995669692","0,791002834635653","0,772220235918131","1,69827913403804"
Lützschena-Stahmeln,Ohne Abschluss,"3,48800070801017","2,07294042353696","0,929438975480813","2,05687396937977","0,942360676611673","0,794208790210606"
Lindenthal,Ohne Abschluss,"2,14222933649729","1,35253162563601","1,26472809004548","1,03705075463961","1,71375051049027","0"
Gohlis-Süd,Ohne Abschluss,"1,66944281247831","2,02146273990647","0","1,79957610803623","0,871155533304368","0,993458676135107"
Gohlis-Mitte,Ohne Abschluss,"1,29673470009552","0,602790948732129","1,92083686479748","0","0","1,14677379804962"
Gohlis-Nord,Ohne Abschluss,"3,56484611181547","2,34507505745129","0,851614883641029","0","1,39241641754295","2,42571618265991"
Eutritzsch,Ohne Abschluss,"0","3,1326265464212","3,36549926297795","0","0","2,7803005784416"
Seehausen,Ohne Abschluss,"1,98586026271491","0,927787943352385","0","1,01160105104697","0,959880864914947","0"
Wiederitzsch,Ohne Abschluss,"1,54966707140124","2,11953549644027","0,81758467808628","1,51369265036158","1,10207316221909","3,45088861737788"
Mitte,Ohne Abschluss,"1,76663606445378","0,711648061288766","1,14934120707115","0,824810382471445","1,66455436898363","1,38423724660384"
Nordost,Ohne Abschluss,"0,38815980819341","2,02308649189122","1,63846565615855","3,58559948935874","2,45717069742156","1,46375081751333"
Ost,Ohne Abschluss,"2,52154675788574","2,16692968259369","3,06277813522897","2,21698976423717","4,84248433152437","3,909814805313"
Südost,Ohne Abschluss,"1,32283579063061","2,42042151622213","1,20593439794174","0,538529072722119","2,24571506768021","2,03904156042552"
Süd,Ohne Abschluss,"0,805327015489951","1,38408918299966","1,09036930371124","1,23987011434546","1,46053699086205","2,88031406431232"
Südwest,Ohne Abschluss,"1,97544862032526","1,09142444379786","2,68815657267573","2,75872097270495","2,31233182033561","1,87160106873434"
West,Ohne Abschluss,"2,56076253155923","1,74842499353284","6,22833153873322","3,48263204960806","1,4557812733331","4,08319819135125"
Alt-West,Ohne Abschluss,"2,39122229125083","0,655826184838153","1,57860212898542","2,25941518493625","2,78372444033506","2,99963363013469"
Nordwest,Ohne Abschluss,"3,2693387651017","1,20817770994922","1,48471538266989","1,35505737389839","2,00465058315693","1,93695731256398"
Nord,Ohne Abschluss,"1,77319577994326","1,97954344717596","2,23514310358446","1,35509272458566","0,502186862411803","1,78946497318208"
Stadt Leipzig,Ohne Abschluss,"1,78667760455964","1,60759844624354","2,24486860520324","1,95538754529251","2,25379247709682","2,45824965547166"
Zentrum,Hochschulabschluss,"43,2025928653271","43,2845932540088","53,6220717823117","48,6864646301542","58,5192230580802","58,5231403761941"
Zentrum-Ost,Hochschulabschluss,"50,8192511338449","44,2235517794428","57,4416678637419","67,8922224980877","54,5902033522477","54,2157108511246"
Zentrum-Südost,Hochschulabschluss,"29,4422619827938","31,1169131293688","52,670914666446","43,310516855612","42,5299060894714","46,0642034350488"
Zentrum-Süd,Hochschulabschluss,"46,2743501828941","43,9973633868278","63,6692606117682","63,1049175335597","62,3492582513376","50,1578488012135"
Zentrum-West,Hochschulabschluss,"43,5077591744396","37,9714020596345","55,0849459183791","58,4072028141874","61,0225588319805","53,7912567779312"
Zentrum-Nordwest,Hochschulabschluss,"54,113772343174","43,3149684102234","53,2281463404071","65,2941327103074","74,0892030106957","72,2317689984171"
Zentrum-Nord,Hochschulabschluss,"36,4281348424979","41,4633163519548","47,3715081871277","60,7864940480288","56,6895220626958","57,9607404068439"
Schönefeld-Abtnaundorf,Hochschulabschluss,"18,0441986057616","11,6767218652229","28,7534286598295","35,8111337515602","27,2550038335397","28,0927084753155"
Schönefeld-Ost,Hochschulabschluss,"16,1894470177652","17,870157872202","23,9797618694318","26,4381911649517","18,7892777386735","30,6045215594144"
Mockau-Süd,Hochschulabschluss,"11,2908604134395","14,8604989390763","27,5392498337476","28,2752186194654","23,362909623482","22,7977509788274"
Mockau-Nord,Hochschulabschluss,"11,5708607596585","16,2960273000249","30,0427904288664","22,1213200772346","22,4710265061733","22,6842979473253"
Thekla,Hochschulabschluss,"18,49026602364","11,9179974433282","33,1891747776696","30,0469831483713","39,8876859907102","35,8103896543609"
Plaußig-Portitz,Hochschulabschluss,"23,1326409867967","15,717352050014","36,5587549905023","25,5530800619697","42,4238956293726","38,6068356472302"
Neustadt-Neuschönefeld,Hochschulabschluss,"19,2658806407623","34,1945460168748","46,2698815945374","47,006660407092","48,6387021103798","58,2655773832271"
Volkmarsdorf,Hochschulabschluss,"23,0038061835037","23,1235174315387","33,6363863749937","49,3683747360771","45,5328058711968","48,7800946375583"
Anger-Crottendorf,Hochschulabschluss,"22,1012887009336","24,2570377975066","39,5643416178302","44,7849097322133","39,2038277782639","44,457157732633"
Sellerhausen-Stünz,Hochschulabschluss,"19,7236575681145","19,4159052683509","19,4216620371753","28,4962332972467","20,451308679002","34,1714465284635"
Paunsdorf,Hochschulabschluss,"12,2181634775555","12,8874325616514","25,7486626536974","20,3561132451009","19,1285858962915","23,4690608098327"
Heiterblick,Hochschulabschluss,"19,4682162259895","16,0390168528581","28,5327945652907","30,9787791710751","28,0536707183841","29,3794213055374"
Mölkau,Hochschulabschluss,"23,3700986173204","28,2235878196604","39,0404103069124","43,4777354238741","43,7196121098784","57,3676755636117"
Engelsdorf,Hochschulabschluss,"21,0123034887054","12,7356251415953","30,6275878424542","34,4870592491655","39,5324063909918","30,770021366831"
Baalsdorf,Hochschulabschluss,"30,4866725131038","26,6138842160659","41,1588460576067","48,2094203120732","48,1699452777347","41,2470220968365"
Althen-Kleinpösna,Hochschulabschluss,"19,7010657773688","16,6699208165781","36,3566981497979","20,5528181882408","34,9398946530094","26,2192216438697"
Reudnitz-Thonberg,Hochschulabschluss,"25,0835328620737","29,9104124261726","40,1829714583597","43,8900290563898","43,305761760266","51,0172634691504"
Stötteritz,Hochschulabschluss,"24,0201017889382","21,9276003916413","45,2362014752257","40,8592377445229","40,1346286011532","42,2741723125611"
Probstheida,Hochschulabschluss,"21,7793065560272","23,9879423857032","47,2830672818331","31,2833814926722","51,1085832605747","50,1719724899224"
Meusdorf,Hochschulabschluss,"10,9390821646817","19,5641214628596","20,4989369896623","31,1328042269659","26,1255293160966","37,9310222484852"
Liebertwolkwitz,Hochschulabschluss,"16,9351588221991","9,37191742672488","38,0134647971201","21,0267692395209","23,5497824920196","34,2459745906488"
Holzhausen,Hochschulabschluss,"29,5646483493238","28,722830350459","36,1143706467916","44,8880483896877","42,0092485320183","45,6955275203065"
Südvorstadt,Hochschulabschluss,"38,5639249061383","40,5447966836129","54,5526606999542","64,218196216033","57,4609473125395","61,6035138766832"
Connewitz,Hochschulabschluss,"35,041389940686","34,2472090311849","46,3314592926261","50,9350578118438","43,2943198817898","51,5825498021354"
Marienbrunn,Hochschulabschluss,"34,3448284435367","17,5805912437854","43,6655437922764","47,602023292054","35,397904912122","45,5026790617267"
Lößnig,Hochschulabschluss,"21,2033273073658","21,2865904621086","40,2667486744141","37,247119641156","20,3869166007168","26,1389261376888"
Dölitz-Dösen,Hochschulabschluss,"29,0076706778578","33,4376887020142","42,0778349210842","40,9175143778207","34,9600270619704","42,2680099841758"
Schleußig,Hochschulabschluss,"38,8292866547004","52,8781053455427","62,4117170300933","70,9515673679284","73,5734613056198","65,0125710839642"
Plagwitz,Hochschulabschluss,"38,496449494963","31,2978645338016","55,0011769393341","59,5123421742136","56,8950738742538","55,3793569458142"
Kleinzschocher,Hochschulabschluss,"17,7994274809912","12,8675174798675","22,143415087585","36,0164310288467","43,328777254055","50,4730800596071"
Großzschocher,Hochschulabschluss,"20,0602316081783","14,4052316563066","24,4963578409086","28,9735615634827","24,3583681239112","37,0932100293205"
Knautkleeberg-Knauthain,Hochschulabschluss,"26,6908514802668","19,8055784468628","38,0976949015127","40,413881933391","44,0561877911214","44,5484081042417"
Hartmannsdorf-Knautnaundorf,Hochschulabschluss,"15,045380888931","19,2799410402111","31,0145540028878","32,4388954036467","34,2803299964567","37,9228285243489"
Schönau,Hochschulabschluss,"12,7791276478018","12,3450455775338","23,8743749145397","29,7777659245753","31,0842583486219","27,6096243275748"
Grünau-Ost,Hochschulabschluss,"11,3134152402796","17,4197522806731","22,0407896292361","24,5918631205818","22,7237760238165","21,2630691840119"
Grünau-Mitte,Hochschulabschluss,"11,1571714211892","12,7401485487479","13,0972938364291","27,1442621552388","17,9181608133013","20,6597632758167"
Grünau-Siedlung,Hochschulabschluss,"28,3110263438537","26,5601482726552","41,902832185367","37,780227241282","42,6320586090621","41,8637416492601"
Lausen-Grünau,Hochschulabschluss,"15,3339557995745","17,3913610127633","26,357121679252","24,2910773308948","20,4213574544291","25,8946639710334"
Grünau-Nord,Hochschulabschluss,"8,95767698550388","8,60077019900806","20,2499190146085","19,0689353497532","12,0301063936913","16,0757973248845"
Miltitz,Hochschulabschluss,"27,0939650545881","19,2553753893282","41,8731243600622","31,4457535140263","35,2795978512571","37,4603932441821"
Lindenau,Hochschulabschluss,"32,5012977371058","30,8816781055599","53,536938288557","50,2085133398368","61,3857748076903","57,0147291655916"
Altlindenau,Hochschulabschluss,"20,0981932161714","24,3394524621191","41,8524795787204","47,1071439653188","43,8444537190093","48,1778096420033"
Neulindenau,Hochschulabschluss,"12,7585449585958","10,9626302974343","31,2186597204213","25,1873234630485","32,6527997062654","31,3288063792378"
Leutzsch,Hochschulabschluss,"24,221757981408","18,1097889215363","40,9082541234055","38,2500944635599","42,6891153985741","45,6590607092666"
Böhlitz-Ehrenberg,Hochschulabschluss,"18,1540776320801","28,3025171808387","37,3557371771242","37,3669238129931","25,1506138263478","26,2328004837277"
Burghausen-Rückmarsdorf,Hochschulabschluss,"18,7180546669367","25,1939047145855","34,4497758609986","33,4117649386487","42,5356322590289","40,189962451514"
Möckern,Hochschulabschluss,"18,0668735751154","14,9179930956874","37,5269007915242","28,3628224097252","25,1988639767092","29,1570432864337"
Wahren,Hochschulabschluss,"18,9019254053675","19,5271110323719","32,9572411406936","27,2814984296732","39,5942110398722","23,9921418310719"
Lützschena-Stahmeln,Hochschulabschluss,"25,5012087604347","28,4585346126502","31,8068900807976","35,9557078350567","32,533608652063","34,1488435364155"
Lindenthal,Hochschulabschluss,"15,0326582087178","16,6714299807753","32,089054289386","28,4114590771781","29,5725848627055","26,1975068145398"
Gohlis-Süd,Hochschulabschluss,"38,1089700455141","33,2488553363433","54,5439940581564","52,2156623610012","57,0737138159068","51,3775317533629"
Gohlis-Mitte,Hochschulabschluss,"33,9035523779585","31,9216413026735","49,2426789777431","44,833068247174","48,2419898001852","48,3474203025715"
Gohlis-Nord,Hochschulabschluss,"18,6733702494419","17,0204289717042","37,9312483772636","25,7555313550486","34,1683992145259","34,3755126543449"
Eutritzsch,Hochschulabschluss,"18,1637400507342","19,1567789910612","24,2217288418651","33,9754287626949","29,0400115192141","35,12699350867"
Seehausen,Hochschulabschluss,"16,6978588725046","17,7998126308232","30,700684741767","32,2874467193086","25,993794813161","28,2864503474756"
Wiederitzsch,Hochschulabschluss,"27,4475156798744","21,164576853754","34,749299830749","36,0457538285023","37,0889366037","36,3162172230176"
Mitte,Hochschulabschluss,"41,7664092957557","36,9994835206468","36,3346190922803","39,6589295560048","38,6411882520814","36,6927125386688"
Nordost,Hochschulabschluss,"14,4708558976639","12,9944563340675","15,4376157330554","17,6063229269488","17,2180842188789","16,2424026383588"
Ost,Hochschulabschluss,"16,6896380100565","18,6061113817693","17,1862140490357","21,6710874864761","21,5002858915773","24,0795155752964"
Südost,Hochschulabschluss,"21,5367534221782","24,2244730150462","23,8157103848387","22,3995923653786","27,6899920301669","30,7205060322506"
Süd,Hochschulabschluss,"33,6305562670796","32,8827552080822","30,4612033178011","34,5535652759153","33,5132741894514","35,5627323152122"
Südwest,Hochschulabschluss,"27,6639743588464","26,9023389844304","28,1341380410863","34,5608551127184","37,4544839347856","38,7531593011991"
West,Hochschulabschluss,"14,9743137333433","14,924272101642","13,1008352114142","13,2581073323235","14,1724687918299","13,0867928036967"
Alt-West,Hochschulabschluss,"22,6175766732252","22,8591630236333","24,0009265935978","24,004447815584","32,3155398770605","30,1946402429918"
Nordwest,Hochschulabschluss,"16,35678104669","20,114588623293","18,6474683927922","16,167457266308","16,1670042789982","21,2871219078111"
Nord,Hochschulabschluss,"29,0329841121346","25,361127826836","25,3690728032641","26,4820919341828","28,1724090745812","26,0203015782073"
Stadt Leipzig,Hochschulabschluss,"24,5576312611583","24,0956214921862","23,5396953532228","25,7379523912822","27,646434454883","28,1335686109979"
Zentrum,Fachschulabschluss,"12,7804437388305","6,05444869509889","3,15287326989409","1,59356292618094","7,22239037288978","8,14012087447706"
Zentrum-Ost,Fachschulabschluss,"11,6412566075654","16,8106980586167","7,80169796262117","6,85607815312225","13,9017916901454","3,92951972117183"
Zentrum-Südost,Fachschulabschluss,"11,7656704469118","8,22296509083157","4,82810067683336","9,01913371785944","8,0709214939622","8,91763630856239"
Zentrum-Süd,Fachschulabschluss,"13,8931207661035","7,06244894822126","7,82609483073589","5,97233271671316","7,57197310971728","10,2055097410612"
Zentrum-West,Fachschulabschluss,"18,7426531501922","7,28388601839474","12,6710454057992","9,35607133180183","6,7704147992844","5,97125435401687"
Zentrum-Nordwest,Fachschulabschluss,"9,16742034094","6,17334976259303","7,82723297405269","3,64835735875719","2,85015638452848","3,71856471061706"
Zentrum-Nord,Fachschulabschluss,"11,2543108741574","7,88712727587454","8,71042305709217","9,49401743278158","7,12322159288666","6,97537656249812"
Schönefeld-Abtnaundorf,Fachschulabschluss,"13,8422334747485","11,6186657459551","10,558268780603","2,44808935606317","5,59318934932736","8,56139865659503"
Schönefeld-Ost,Fachschulabschluss,"20,1044710039577","16,2588583288791","17,0505681535508","13,0617015956053","11,975308877635","12,1259291660082"
Mockau-Süd,Fachschulabschluss,"11,3057748205838","19,7826555150535","12,8903865154313","7,88878877131306","5,60181851467627","17,1221997610148"
Mockau-Nord,Fachschulabschluss,"17,9166969039997","21,5592067924815","9,59036604737663","15,7004415016969","18,9034620498159","8,96446951225582"
Thekla,Fachschulabschluss,"15,7827504963657","17,4383719435943","13,1792107886884","21,6648743090167","14,6960134903065","10,1236976574506"
Plaußig-Portitz,Fachschulabschluss,"18,5687423090967","23,0441057220721","17,3051769541923","22,2709931064825","17,6015200208304","19,5930140688772"
Neustadt-Neuschönefeld,Fachschulabschluss,"8,03963839310885","4,86363851618803","9,04861709865012","5,93188045310535","2,16314204328518","4,87687984355864"
Volkmarsdorf,Fachschulabschluss,"14,440779664149","13,0788680064068","9,53474925294395","5,00500181206116","4,56850982806532","6,33794215814513"
Anger-Crottendorf,Fachschulabschluss,"20,4689154139847","14,2063499712749","8,46941674221721","5,2051020625206","10,6229194339911","9,5883116798574"
Sellerhausen-Stünz,Fachschulabschluss,"16,3156316038218","14,7807924370796","10,5496649841203","11,9767612383508","12,4385637924502","13,3593860035547"
Paunsdorf,Fachschulabschluss,"16,3328583481641","13,3613948592136","18,1830418284712","14,064800479983","20,488613829341","13,438230414692"
Heiterblick,Fachschulabschluss,"22,3102579586019","25,2590827328302","17,2300241152986","13,4664304391286","18,241582510521","22,0320156154753"
Mölkau,Fachschulabschluss,"24,0646516892027","18,8918299473093","18,185093887084","18,800872231034","13,1028390064882","13,73075341419"
Engelsdorf,Fachschulabschluss,"19,3420323460385","20,7150285322797","17,4486681556309","13,3625852530685","24,2059203976544","16,2044338663405"
Baalsdorf,Fachschulabschluss,"24,5792940704675","20,0802420507874","21,8596161974977","11,9537539075437","19,2409835201402","21,8589176234154"
Althen-Kleinpösna,Fachschulabschluss,"17,371066102506","21,6580000337583","13,1936476451409","21,1920286371104","21,4609601085011","19,1023002706986"
Reudnitz-Thonberg,Fachschulabschluss,"14,9498651916597","8,47573421830018","6,05929820989196","4,90332489472409","6,6743926545893","8,3682274482145"
Stötteritz,Fachschulabschluss,"16,6179521488247","14,5722126250808","13,5909754391954","14,8895676476341","14,1923317958159","5,20623075252605"
Probstheida,Fachschulabschluss,"24,1013680508666","20,230897692237","11,293376204824","14,699231040144","12,2782322104922","10,7683457780681"
Meusdorf,Fachschulabschluss,"26,414658100739","20,139819318433","10,0804760011516","12,7676049522635","17,8114379141929","8,88393265684525"
Liebertwolkwitz,Fachschulabschluss,"18,7656135882961","23,7265059032911","21,970964254231","16,5516385889327","15,7404213629356","13,886394966813"
Holzhausen,Fachschulabschluss,"19,9166013894538","15,3680000030651","15,8284151354422","11,0472564195012","19,207317025918","14,027511685543"
Südvorstadt,Fachschulabschluss,"9,08322653202345","13,8612257739616","6,28417310538755","8,52494115924839","7,29993587287904","6,81474750398451"
Connewitz,Fachschulabschluss,"12,5556474369851","15,3253408888196","5,4868300935779","11,8003110353114","14,1036883833428","10,4736203275937"
Marienbrunn,Fachschulabschluss,"19,7431738016551","19,0994847615901","17,7101981882808","11,5234080638761","12,8799521748494","11,1625231044445"
Lößnig,Fachschulabschluss,"16,2938056776258","14,7982408087066","14,3581964663826","9,107270217489","15,2016020354753","16,2717211542804"
Dölitz-Dösen,Fachschulabschluss,"18,2870270466107","17,2771072879497","14,3679049649426","13,6756319643103","13,8686533666336","7,24722203570294"
Schleußig,Fachschulabschluss,"11,6910828996213","9,06921839991942","13,5011085227164","5,88918688289099","9,328580426946","6,2900503858617"
Plagwitz,Fachschulabschluss,"10,4467873822669","8,76772875419759","8,95982827689955","4,83954876316021","2,09163164189989","12,0720136736835"
Kleinzschocher,Fachschulabschluss,"17,7735748035205","13,5064943330054","13,6671302661639","4,2115210759797","8,39471283493669","8,85538002488477"
Großzschocher,Fachschulabschluss,"25,5103339074231","19,1361467651315","16,9310798721588","19,8641014787934","13,1754254938723","16,9596370801846"
Knautkleeberg-Knauthain,Fachschulabschluss,"20,0471353193884","20,1812086686906","12,9585340741782","18,5706908268776","17,4136259236807","12,588578171262"
Hartmannsdorf-Knautnaundorf,Fachschulabschluss,"21,575455697891","22,4241363870666","21,1567037326913","18,7133544871353","13,2822515947159","13,6035222510951"
Schönau,Fachschulabschluss,"14,2583746671744","24,5406684993818","14,5738042928073","12,053451650925","18,2211422537982","12,9736666394927"
Grünau-Ost,Fachschulabschluss,"26,5370044740659","16,7498825741243","15,6712900940704","9,86825574840472","10,2552992140131","17,5878782594665"
Grünau-Mitte,Fachschulabschluss,"25,2892515679042","14,6215059002995","15,7551901127637","12,2937579815994","14,8270298751869","9,33568086857968"
Grünau-Siedlung,Fachschulabschluss,"20,938139297196","18,4980913621228","10,1522470872696","19,8143036899913","19,9537146903729","22,0909360572544"
Lausen-Grünau,Fachschulabschluss,"18,3152161071552","17,2113613771057","20,1573244167317","9,38588058697468","19,5680629796722","8,45819579088898"
Grünau-Nord,Fachschulabschluss,"16,4954895833238","11,0425461466353","15,9706273644154","12,9867401210525","14,4766716309908","13,2898316787736"
Miltitz,Fachschulabschluss,"18,4190748332897","16,8064374498868","12,1182839264341","15,364464692258","12,6076380647142","17,583381037212"
Lindenau,Fachschulabschluss,"7,86498380222358","6,33953698272623","4,18215193807782","3,64880427016349","7,11850100164749","4,8247447534702"
Altlindenau,Fachschulabschluss,"10,1172491247936","10,2388161677288","6,38142774213803","6,06966346000496","13,1714482293636","9,33267368635412"
Neulindenau,Fachschulabschluss,"21,4701483950804","14,681780500301","13,5806867448017","14,7330696977034","14,5705776736791","10,975022988991"
Leutzsch,Fachschulabschluss,"21,1518189496863","15,8455387326135","8,2017920008533","13,52595348713","11,0384373945134","11,2630947217245"
Böhlitz-Ehrenberg,Fachschulabschluss,"23,1866562639278","21,933503673307","12,1224771327456","15,1767069618269","22,0311074711329","15,4090352078719"
Burghausen-Rückmarsdorf,Fachschulabschluss,"20,8916538097797","20,4560324647638","20,0040808334482","13,0625417720706","16,9915779199641","16,5817231060761"
Möckern,Fachschulabschluss,"20,5953693244872","18,678152997142","19,7057855133997","6,01298436437797","10,639958881703","7,89599634193027"
Wahren,Fachschulabschluss,"23,3188274616222","15,4464972194739","21,6023910999545","15,0877837969497","9,64717778260366","25,0920679662471"
Lützschena-Stahmeln,Fachschulabschluss,"23,4341644477811","19,4480136042407","22,8870980584936","10,240107010474","21,6724433101301","19,8284380538254"
Lindenthal,Fachschulabschluss,"22,9029805980561","14,435428685955","18,7068671008295","19,1587982424839","11,7630196371795","14,0942645262091"
Gohlis-Süd,Fachschulabschluss,"14,4499227419861","12,932726598652","8,99475249711454","11,3158465935435","7,79211941244665","7,42515156863319"
Gohlis-Mitte,Fachschulabschluss,"11,9831031015351","9,41424675067358","7,01616245327825","10,6145848888181","9,19279778295663","9,37166801560528"
Gohlis-Nord,Fachschulabschluss,"20,8703750236975","16,2240095941386","8,41236317303423","15,2123822043301","6,82043906584509","9,03603476947994"
Eutritzsch,Fachschulabschluss,"12,6280507282018","15,3523852260922","15,766173608525","12,6271503738202","20,750379951468","10,6203515863904"
Seehausen,Fachschulabschluss,"18,459130924345","14,1742827593029","11,6548139224009","21,8022795983915","14,9775800783631","7,69143841978089"
Wiederitzsch,Fachschulabschluss,"17,4683174740052","14,6975509843338","20,2972755825979","14,3289739143371","13,2079034973209","23,4849832875348"
Mitte,Fachschulabschluss,"12,9001193426532","8,49626644300446","11,1194832294256","9,4982779313365","12,1727313271433","9,37622194095067"
Nordost,Fachschulabschluss,"15,6494560184093","19,764420433342","14,5715474738056","19,2829407493089","14,616327897566","15,098223683159"
Ost,Fachschulabschluss,"17,7311230255133","15,7861060445524","16,6062728005323","13,7213857578987","12,8466964138128","11,7532126861867"
Südost,Fachschulabschluss,"17,7525273966589","14,565244747309","13,9592604597016","13,2711379668545","13,3699121522674","12,5061372799743"
Süd,Fachschulabschluss,"11,1582370035934","16,0050691726433","13,7645104328793","12,5074065759083","16,4944158455431","13,3706017873737"
Südwest,Fachschulabschluss,"16,1201700004425","13,7896609351289","17,5830479771293","9,39470253142352","12,0153972540783","12,4074687745428"
West,Fachschulabschluss,"18,3817195405922","18,8644427288843","15,50404019381","19,0554109438212","12,8276694030851","16,1065083084459"
Alt-West,Fachschulabschluss,"17,399115560218","15,4083660192622","11,6846860659785","15,3033289680244","12,6332684237606","11,9670407429391"
Nordwest,Fachschulabschluss,"19,5395092801513","20,11667432933","21,6548981575792","13,7236314809707","14,4513127683277","18,4252724699628"
Nord,Fachschulabschluss,"14,0868021222104","14,6951051655404","12,9926335455698","15,261226188364","15,3691170115468","14,7370860925095"
Stadt Leipzig,Fachschulabschluss,"15,9582618658648","15,4297584524182","14,6","13,848491437195","13,6346283140203","13,1116111967734"
Zentrum,Facharbeiter,"32,0752152056837","42,7675252928866","29,697577245987","34,7376270979176","19,0599563753798","22,982563968689"
Zentrum-Ost,Facharbeiter,"26,9885714827827","24,1136162071157","29,3234338236934","18,7541743377973","19,0703247875495","25,8799565153038"
Zentrum-Südost,Facharbeiter,"42,5884758015034","40,261554624946","24,5674375363854","29,8790538360745","21,367185897468","24,217110148353"
Zentrum-Süd,Facharbeiter,"31,999080035223","40,8294502041342","20,5601646154577","21,8230992217793","17,681657617262","24,3495702876638"
Zentrum-West,Facharbeiter,"25,4523751368755","50,7953143322134","26,5553595495743","16,7260066014329","23,0228817315524","21,4612033710656"
Zentrum-Nordwest,Facharbeiter,"34,3525514229089","43,7496387027856","29,1591667327715","26,7929304940216","11,6383448351866","16,4509491471132"
Zentrum-Nord,Facharbeiter,"46,2312134994184","39,7654694304417","32,0839173173989","25,9842654940882","21,2744466917743","23,6302924770103"
Schönefeld-Abtnaundorf,Facharbeiter,"58,4429191271872","68,3701861914348","54,5948269830479","49,3564352854512","48,4833418780174","53,100192642676"
Schönefeld-Ost,Facharbeiter,"60,0907929849862","60,8732105093939","53,413643132058","51,0012267513902","53,2770741456277","51,7577138386089"
Mockau-Süd,Facharbeiter,"67,0454362027101","56,2857599597916","54,0814194778632","58,3561365291318","63,3193385000305","51,1482293455795"
Mockau-Nord,Facharbeiter,"59,8894808702601","61,232059883395","59,5909720437049","59,3153534886315","50,9062275194729","56,946705683015"
Thekla,Facharbeiter,"61,9999277154077","68,0500673592509","51,8827332391785","45,7293417440963","41,9019145759015","49,4543229559091"
Plaußig-Portitz,Facharbeiter,"51,9352010167687","60,0085852388239","43,4544979809154","49,9706326842255","33,0809959280292","39,5650375507062"
Neustadt-Neuschönefeld,Facharbeiter,"55,9887285556135","35,3753449695146","24,4884982660878","36,1170869916155","33,2266209331209","18,2412620647511"
Volkmarsdorf,Facharbeiter,"44,1455047969225","54,4974134692032","35,8123514016034","29,5362536886643","26,4949157050085","29,4031760123828"
Anger-Crottendorf,Facharbeiter,"51,3759004106418","47,1313019617473","42,3481766822052","41,5350519790599","34,0584390396599","32,9245563301741"
Sellerhausen-Stünz,Facharbeiter,"57,1687932278952","57,7452183408112","64,555419491652","53,6863521620388","56,4307427001466","39,2713707965577"
Paunsdorf,Facharbeiter,"63,2145566045243","69,8169226951368","44,1606286236207","61,0134587026576","47,9596929261106","55,1690353948291"
Heiterblick,Facharbeiter,"55,9858688447283","50,0658278074561","53,2195391947424","51,3043641576881","52,9017774452822","48,5885630789873"
Mölkau,Facharbeiter,"47,5593627751867","48,34054126039","41,3206313607815","30,6259780630804","35,1069198477413","24,8777558225558"
Engelsdorf,Facharbeiter,"54,1695619378806","61,2752044112193","49,9890115313573","52,150355497766","31,5038160468502","47,7655415752988"
Baalsdorf,Facharbeiter,"41,0810962824578","47,8060437235841","33,8217546059793","39,1182948869979","32,5890712021251","30,8991618146846"
Althen-Kleinpösna,Facharbeiter,"58,4719150197316","54,3785762069598","45,2843672351104","55,3053151918211","42,772154606171","46,9619789893153"
Reudnitz-Thonberg,Facharbeiter,"42,0237304243869","49,0996475712221","36,9631443632013","36,4079098456711","36,9413746278112","24,835967595982"
Stötteritz,Facharbeiter,"54,8262067468247","51,2762686242077","34,4390284318659","35,729642260897","32,4274117926828","40,5732475483293"
Probstheida,Facharbeiter,"46,1722888409224","48,7391962820564","40,1908678405613","45,1406441960057","27,667327614806","39,0596817320096"
Meusdorf,Facharbeiter,"58,5206843655577","57,2697525626504","64,256710268624","53,5495577353083","49,2534821656708","48,759662223485"
Liebertwolkwitz,Facharbeiter,"58,4367280986577","59,1051094220946","36,7556316317453","61,093934886461","53,6395685686358","46,8543935887481"
Holzhausen,Facharbeiter,"46,6657087053189","53,4061929327063","48,0572142177662","41,0258441913165","34,589732760391","38,2593357669832"
Südvorstadt,Facharbeiter,"42,9469358216487","29,8166928238559","34,9721135702595","19,071777882375","25,2635403989605","19,3233363246588"
Connewitz,Facharbeiter,"39,2150750806169","42,0959708013655","38,804441181854","29,3008731377745","31,621593358835","31,3985585821284"
Marienbrunn,Facharbeiter,"43,010780812159","54,7657954475895","35,3332437281882","32,1049582276944","41,3380637334771","34,5348328721866"
Lößnig,Facharbeiter,"58,4430661003977","60,2240012793445","37,8980557744054","46,5073786368696","56,6455492618296","41,7706446393069"
Dölitz-Dösen,Facharbeiter,"49,0595579150689","38,4412311455257","39,4408627097432","37,7571956630783","39,802998188054","43,9261114404489"
Schleußig,Facharbeiter,"41,872428222113","34,7942737356395","19,8501378135135","11,6156002634757","12,883633847291","20,5368464388705"
Plagwitz,Facharbeiter,"41,7148263706929","50,3601820720645","30,8745505141268","31,7137349027836","32,8800060016946","25,3708109528082"
Kleinzschocher,Facharbeiter,"55,1348775960439","60,5123378151228","62,0793411417338","47,5122848151884","39,3294813469387","33,4053010156426"
Großzschocher,Facharbeiter,"49,7651473938062","64,6201986873516","55,6374588687545","47,7182419233668","54,3941169826731","38,480917061532"
Knautkleeberg-Knauthain,Facharbeiter,"44,5767579252642","57,3443118046028","44,947085693487","35,9701720357061","34,0220944054476","40,4316026074171"
Hartmannsdorf-Knautnaundorf,Facharbeiter,"58,3192336050925","55,0899055533842","43,28368677746","44,5408245384102","47,0888890770279","44,2279710641246"
Schönau,Facharbeiter,"63,0162830984079","52,7924779656747","57,6949215769623","54,8772997202295","46,2806718036187","51,0329291154638"
Grünau-Ost,Facharbeiter,"57,7186361809038","58,4777111017493","55,4348187020664","61,6731831359587","56,7183360360556","56,068996799534"
Grünau-Mitte,Facharbeiter,"57,5637387187839","61,5039960826971","59,4729123611704","56,8603994751275","59,1594478034233","51,4706579930469"
Grünau-Siedlung,Facharbeiter,"48,6828332238115","49,9974709166876","47,9449207273634","42,4054690687266","37,4142267005651","33,4666209460157"
Lausen-Grünau,Facharbeiter,"63,0159947866996","62,3996237975467","46,5990100714788","65,3448696964585","57,847488834769","57,6012983682325"
Grünau-Nord,Facharbeiter,"66,3629644765892","74,8882870016264","54,4309387217487","65,2663272041187","54,7324599991243","51,0845451011744"
Miltitz,Facharbeiter,"47,0894349700015","56,3421644727183","35,9970197455035","48,8547901353043","46,9697906991114","39,6559162110118"
Lindenau,Facharbeiter,"47,5328822827527","44,5935783942978","29,1248076086956","32,7234502850241","19,7216205397825","25,8313818754572"
Altlindenau,Facharbeiter,"61,7378138843217","49,1641087990029","43,1274027212577","33,4656552352674","35,2587895650856","26,5726547990175"
Neulindenau,Facharbeiter,"58,1004684059728","58,3928143625125","50,7585944566112","54,6891885233015","50,3218849523162","46,2393773433629"
Leutzsch,Facharbeiter,"49,3028883938188","57,6911504172158","45,8609800533661","36,9932194257742","35,1626628446134","37,3714760884074"
Böhlitz-Ehrenberg,Facharbeiter,"55,5621880656006","43,6426349288729","47,0315816204323","41,8946159296648","45,4246469549709","53,2518959445866"
Burghausen-Rückmarsdorf,Facharbeiter,"57,489446289911","47,8634294172106","43,4205557808699","51,9405735636082","37,0682247586862","41,9486709995633"
Möckern,Facharbeiter,"51,2612465099845","60,2559034508723","39,5946916146484","58,3492968635449","56,949284216832","50,2819838619846"
Wahren,Facharbeiter,"51,4283864634831","61,4529515129492","44,2584947016259","48,9944113348677","39,917763889279","44,3227234223524"
Lützschena-Stahmeln,Facharbeiter,"48,0460364053467","48,2266582925305","42,1136037620134","47,3529942136513","35,6061141085529","37,8833284964099"
Lindenthal,Facharbeiter,"55,1277418384299","54,6228649157414","48,1168618106674","47,1343554325476","45,7477698745617","52,5159761472003"
Gohlis-Süd,Facharbeiter,"38,3021101088136","41,5893742841438","34,4026924651295","28,9833202246136","28,9368023513471","32,2339251408663"
Gohlis-Mitte,Facharbeiter,"51,2945125829001","54,1250136779653","41,2160825841209","40,789857980882","35,4816340791491","41,1096307360688"
Gohlis-Nord,Facharbeiter,"55,1201310073178","55,2665587885281","45,8271773428768","49,6370910612625","55,2694213629034","49,9913109930684"
Eutritzsch,Facharbeiter,"60,2898160124232","56,9411653706311","51,07721665433","50,6132694228407","42,1880979875365","44,6243858941416"
Seehausen,Facharbeiter,"62,2511633553981","64,2310835390675","48,7172577713715","42,0195290761246","49,1465558916348","60,5240039682738"
Wiederitzsch,Facharbeiter,"46,3122230610906","57,6059222876371","43,456799097143","47,3594109297503","44,1835553970677","33,5257124137652"
Mitte,Facharbeiter,"37,1541105662132","42,3871983217712","36,2369584311684","29,3557951516226","26,0510572061578","31,3768119490773"
Nordost,Facharbeiter,"61,8112093528459","61,1063854165246","58,8764798326689","51,3300798286507","51,3939021201847","55,4351413536453"
Ost,Facharbeiter,"56,8566092177933","56,3378080747584","46,7835618444979","46,9983572128544","41,7074895955712","41,8501481333399"
Südost,Facharbeiter,"50,5136687153504","51,5640198271701","48,144390458558","44,7272849618277","39,4892560495348","40,426006120818"
Süd,Facharbeiter,"45,6926588543495","40,5524778734134","43,3203507589445","35,9945770066986","37,6999910332969","32,9865135380697"
Südwest,Facharbeiter,"46,4704888202031","50,9519730488881","42,4889761546417","44,9947121786465","37,8448740682588","36,4528104052596"
West,Facharbeiter,"59,7419742551901","58,6540421742036","55,113081300319","60,8857543888768","61,9513780266256","55,4484434033819"
Alt-West,Facharbeiter,"54,6275952416076","49,9271160765528","48,5877795374083","44,0630578962651","41,5164454093596","42,0627354742996"
Nordwest,Facharbeiter,"55,1859039434636","53,2567272665073","52,189519953818","57,5342626331639","55,3424078390438","49,7105630838453"
Nord,Facharbeiter,"51,0462275016153","49,7427972880367","49,0021054532483","49,0390763782206","45,8856513175871","46,073431393571"
Stadt Leipzig,Facharbeiter,"51,3380926092285","50,9459276735138","47,5","45,3071237262246","42,4573965604805","42,0754832225867"
Zentrum,Ohne Berufsabschluss,"11,9417481901587","7,89343275800571","13,5274777018073","14,9823453457473","15,1984301936502","10,3541747806399"
Zentrum-Ost,Ohne Berufsabschluss,"10,5509207758071","14,8521339548247","5,43320034994355","6,49752501099275","12,4376801700574","15,9748129123997"
Zentrum-Südost,Ohne Berufsabschluss,"16,203591768791","20,3985671548535","17,9335471203352","17,791295590454","28,0319865190985","20,8010501080358"
Zentrum-Süd,Ohne Berufsabschluss,"7,83344901577935","8,11073746081663","7,94447994203815","9,09965052794784","12,3971110216832","15,2870711700615"
Zentrum-West,Ohne Berufsabschluss,"12,2972125384927","3,94939758975744","5,68864912624731","15,510719252578","9,18414463718277","18,7762854969864"
Zentrum-Nordwest,Ohne Berufsabschluss,"2,36625589297714","6,76204312439791","9,78545395276865","4,26457943691379","11,4222957695892","7,59871714385259"
Zentrum-Nord,Ohne Berufsabschluss,"6,0863407839264","10,8840869417289","11,8341514383813","3,73522302510136","14,9128096526432","11,4335905536476"
Schönefeld-Abtnaundorf,Ohne Berufsabschluss,"9,67064879230265","8,33442619738717","6,09347557651972","12,3843416069255","18,6684649391155","10,2457002254134"
Schönefeld-Ost,Ohne Berufsabschluss,"3,6152889932908","4,99777328952502","5,55602684495943","9,49888048805269","15,9583392380638","5,51183543596845"
Mockau-Süd,Ohne Berufsabschluss,"10,3579285632665","9,07108558607866","5,48894417295783","5,47985608008974","7,71593336181119","8,93181991457822"
Mockau-Nord,Ohne Berufsabschluss,"10,6229614660816","0,912706024098597","0,775871480052073","2,86288493243709","7,71928392453792","11,4045268574039"
Thekla,Ohne Berufsabschluss,"3,72705576458667","2,59356325382658","1,7488811944635","2,55880079851566","3,51438594308187","4,61158973227938"
Plaußig-Portitz,Ohne Berufsabschluss,"6,36341568733799","1,22995698908998","2,68157007439008","2,2052941473223","6,89358842176776","2,23511273318644"
Neustadt-Neuschönefeld,Ohne Berufsabschluss,"16,7057524105154","25,5664704974225","20,1930030407247","10,9443721481872","15,9715349132142","18,6162807084632"
Volkmarsdorf,Ohne Berufsabschluss,"18,4099093554248","9,30020109285124","21,0165129704589","16,0903697631973","23,4037685957293","15,4787871919138"
Anger-Crottendorf,Ohne Berufsabschluss,"6,0538954744398","14,4053102694712","9,61806495774737","8,47493622620611","16,1148137480852","13,0299742573355"
Sellerhausen-Stünz,Ohne Berufsabschluss,"6,79191760016845","8,05808395375845","5,47325348705235","5,84065330236364","10,6793848284012","13,1977966714241"
Paunsdorf,Ohne Berufsabschluss,"8,23442156975607","3,93424988399822","11,9076668942108","4,56562757225853","12,4231073482569","7,92367338064623"
Heiterblick,Ohne Berufsabschluss,"2,23565697068049","8,63607260685559","1,01764212466822","4,25042623210816","0,80296932581263","0"
Mölkau,Ohne Berufsabschluss,"5,00588691829012","4,54404097264033","1,45386444522209","7,09541428201158","8,07062903589202","4,02381519964252"
Engelsdorf,Ohne Berufsabschluss,"5,4761022273754","5,27414191490575","1,93473247055759","0","4,75785716450357","5,26000319152965"
Baalsdorf,Ohne Berufsabschluss,"3,85293713397093","5,49983000956258","3,15978313891619","0,718530893385275","0","5,99489846506345"
Althen-Kleinpösna,Ohne Berufsabschluss,"4,45595310039369","7,29350294270377","5,16528696995082","2,94983798282759","0,826990632318501","7,71649909611644"
Reudnitz-Thonberg,Ohne Berufsabschluss,"17,9428715218797","12,514205784305","16,7945859685471","14,798736203215","13,0784709573335","15,7785414866531"
Stötteritz,Ohne Berufsabschluss,"4,5357393154123","12,2239183590702","6,73379465371303","8,521552346946","13,2456278103481","11,9463493865836"
Probstheida,Ohne Berufsabschluss,"7,94703655218396","7,04196364000339","1,23268867278152","8,87674327117808","8,94585691412704","0"
Meusdorf,Ohne Berufsabschluss,"4,12557536902174","3,02630665605703","5,16387674056201","2,55003308546229","6,80955060403968","4,42538287118455"
Liebertwolkwitz,Ohne Berufsabschluss,"5,86249949084719","7,79646724788943","3,25993931690352","1,32765728508548","7,07022757640889","5,01323685379017"
Holzhausen,Ohne Berufsabschluss,"3,85304155590368","2,50297671376956","0","3,03885099949466","4,19370168167261","2,01762502716729"
Südvorstadt,Ohne Berufsabschluss,"9,40591274018959","15,7772847185696","4,19105262439866","8,18508474234358","9,97557641562095","12,2584022946735"
Connewitz,Ohne Berufsabschluss,"13,187887541712","8,33147927862984","9,37726943194206","7,96375801507027","10,9803983760325","6,54527128814243"
Marienbrunn,Ohne Berufsabschluss,"2,9012169426491","8,55412854703502","3,29101429125459","8,76961041637556","10,3840791795514","8,79996496164226"
Lößnig,Ohne Berufsabschluss,"4,05980091461065","3,69116744984023","7,47699908479794","7,13823150448553","7,76593210197825","15,8187080687239"
Dölitz-Dösen,Ohne Berufsabschluss,"3,64574436046247","10,8439728645105","4,11339740422994","7,64965799479062","11,368321383342","6,55865653967235"
Schleußig,Ohne Berufsabschluss,"7,60720222356522","3,25840251889842","4,23703663367685","11,5436454857049","4,21432442014315","8,16053209130364"
Plagwitz,Ohne Berufsabschluss,"9,34193675207728","9,57422463993625","5,16444426963953","3,93437415984252","8,1332884821517","7,1778184276941"
Kleinzschocher,Ohne Berufsabschluss,"9,29212011944435","13,1136503720043","2,11011350451725","12,2597630799851","8,94702856406962","7,26623889986551"
Großzschocher,Ohne Berufsabschluss,"4,66428709059233","1,83842289121031","2,9351034181781","3,44409503435713","8,07208939954337","7,46623582896281"
Knautkleeberg-Knauthain,Ohne Berufsabschluss,"8,6852552750807","2,66890107984386","3,996685330822","5,04525520402537","4,50809187975039","2,43141111707918"
Hartmannsdorf-Knautnaundorf,Ohne Berufsabschluss,"5,05992980808553","3,20601701933812","4,54505548696088","4,30692557080775","5,34852933179944","4,24567816043143"
Schönau,Ohne Berufsabschluss,"9,94621458661585","10,3218079574097","3,85689921569078","3,29148270427011","4,41392759396115","8,38377991746876"
Grünau-Ost,Ohne Berufsabschluss,"4,43094410475073","7,35265404345335","6,85310157462705","3,8666979950548","10,3025887261148","5,08005575698761"
Grünau-Mitte,Ohne Berufsabschluss,"5,98983829212266","11,1343494682556","11,6746036896368","3,70158038803431","8,09536150808848","18,5338978625567"
Grünau-Siedlung,Ohne Berufsabschluss,"2,06800113513883","4,94428944853444","0","0","0","2,57870134746978"
Lausen-Grünau,Ohne Berufsabschluss,"3,33483330657067","2,99765381258427","6,88654383253752","0,978172385672024","2,16309073112968","8,0458418698451"
Grünau-Nord,Ohne Berufsabschluss,"8,183868954583","5,46839665273018","9,34851489922734","2,67799732507553","18,7607619761936","19,5498258951676"
Miltitz,Ohne Berufsabschluss,"7,39752514212064","7,59602268806677","10,0115719680002","4,33499165841138","5,14297338491737","5,30030950759409"
Lindenau,Ohne Berufsabschluss,"12,100836177918","18,185206517416","13,1561021646695","13,4192321049756","11,7741036508797","12,3291442054809"
Altlindenau,Ohne Berufsabschluss,"8,04674377471336","16,2576225711492","8,63868995788389","13,3575373394089","7,7253084865415","15,916861872625"
Neulindenau,Ohne Berufsabschluss,"7,67083824035093","15,9627748397522","4,44205907816579","5,39041831594666","2,45473766773934","11,4567932884083"
Leutzsch,Ohne Berufsabschluss,"5,32353467508689","8,35352192863433","5,02897382237517","11,2307326235358","11,109784362299","5,70636848060148"
Böhlitz-Ehrenberg,Ohne Berufsabschluss,"3,09707803839147","6,12134421698157","3,4902040696978","5,56175329551522","7,39363174754843","5,10626836381375"
Burghausen-Rückmarsdorf,Ohne Berufsabschluss,"2,90084523337265","6,48663340344006","2,12558752468343","1,58511972567239","3,4045650623208","1,27964344284658"
Möckern,Ohne Berufsabschluss,"10,0765105904129","6,14795045629817","3,17262208042757","7,27489636235188","7,21189292475582","12,6649765096514"
Wahren,Ohne Berufsabschluss,"6,3508606695273","3,57344023520498","1,18187305772591","8,63630643850935","10,8408472882451","6,59306678032853"
Lützschena-Stahmeln,Ohne Berufsabschluss,"3,01859038643753","3,8667934905785","3,19240809869549","6,45119094081809","10,1878339292541","8,1393899133491"
Lindenthal,Ohne Berufsabschluss,"6,93661935479619","14,2702764175283","1,08721679911719","5,2953872477904","12,9166256255532","7,19225251205074"
Gohlis-Süd,Ohne Berufsabschluss,"9,13899710368601","12,229043780861","2,05856097959947","7,48517082084164","6,19736442029937","8,96339153713755"
Gohlis-Mitte,Ohne Berufsabschluss,"2,81883193760622","4,53909826868769","2,52507598485772","3,7624888831258","7,08357833770914","1,1712809457545"
Gohlis-Nord,Ohne Berufsabschluss,"5,33612371954281","11,489002645629","7,8292111068254","9,3949953793587","3,74174035672568","6,59714158310683"
Eutritzsch,Ohne Berufsabschluss,"8,91839320864055","8,54967041221548","8,93488089527999","2,78415144064414","8,0215105417814","9,62826901079798"
Seehausen,Ohne Berufsabschluss,"2,59184684775244","3,79482107080636","8,92724356446055","3,89074460617532","9,88206921684114","3,4981072644697"
Wiederitzsch,Ohne Berufsabschluss,"8,7719437850298","6,53194987427497","1,49662548951019","2,26586132741027","5,51960450191138","6,67308707568235"
Mitte,Ohne Berufsabschluss,"8,17936079537757","12,1170517145777","16,3089392471257","21,4869973610361","23,1350232146175","22,5542535713032"
Nordost,Ohne Berufsabschluss,"8,06847873108077","6,13473781606601","11,1143569604701","11,7806564950915","16,7716857633703","13,2242323248369"
Ost,Ohne Berufsabschluss,"8,72262974663671","9,26997449892002","19,423951305934","17,6091695427708","23,9455280990388","22,317123605177"
Südost,Ohne Berufsabschluss,"10,1970504658124","9,64626241047478","14,0806386969018","19,6019847059392","19,4508397680309","16,3473505669571"
Süd,Ohne Berufsabschluss,"9,51854787497752","10,5596977458614","12,453935490375","16,9444511414779","12,2923189317086","18,0801523593444"
Südwest,Ohne Berufsabschluss,"9,74536682050783","8,35602703155262","11,7938378271427","11,0497301772116","12,6852447428772","12,3865615189985"
West,Ohne Berufsabschluss,"6,90199247087429","7,55724299527011","16,2820432944568","6,80072733497854","11,0484837784593","15,3582554844755"
Alt-West,Ohne Berufsabschluss,"5,35571252494928","11,8053548805518","15,7266078030155","16,6291653201266","13,5347462898193","15,7755835397696"
Nordwest,Ohne Berufsabschluss,"8,91780572969508","6,51200978086962","7,50811349581061","12,5746486195574","14,0392751136304","10,5770425383808"
Nord,Ohne Berufsabschluss,"5,83398626403969","10,2009697195871","12,6361881979178","9,21760549923254","10,5728225962849","13,1691809357122"
Stadt Leipzig,Ohne Berufsabschluss,"8,1460142637486","9,52869238188276","14,3","15,1064324452982","16,2615406706162","16,6793369696421"
